user_id,price,converted
0,19.99,0
1,19.99,1
2,19.99,0
3,19.99,0
4,19.99,0
5,19.99,0
6,19.99,0
7,19.99,0
8,19.99,0
9,19.99,0
10,19.99,0
11,19.99,1
12,19.99,0
13,19.99,0
14,19.99,0
15,19.99,0
16,19.99,0
17,19.99,0
18,19.99,0
19,19.99,0
20,19.99,0
21,19.99,0
22,19.99,0
23,19.99,0
24,19.99,0
25,19.99,0
26,19.99,0
27,19.99,0
28,19.99,0
29,19.99,0
30,19.99,0
31,19.99,0
32,19.99,0
33,19.99,1
34,19.99,1
35,19.99,0
36,19.99,0
37,19.99,0
38,19.99,0
39,19.99,0
40,19.99,0
41,19.99,0
42,19.99,0
43,19.99,1
44,19.99,0
45,19.99,0
46,19.99,0
47,19.99,0
48,19.99,0
49,19.99,0
50,19.99,1
51,19.99,0
52,19.99,1
53,19.99,0
54,19.99,0
55,19.99,1
56,19.99,0
57,19.99,0
58,19.99,0
59,19.99,0
60,19.99,0
61,19.99,0
62,19.99,0
63,19.99,0
64,19.99,0
65,19.99,0
66,19.99,0
67,19.99,0
68,19.99,0
69,19.99,1
70,19.99,0
71,19.99,0
72,19.99,0
73,19.99,0
74,19.99,0
75,19.99,0
76,19.99,0
77,19.99,0
78,19.99,0
79,19.99,0
80,19.99,0
81,19.99,0
82,19.99,0
83,19.99,0
84,19.99,0
85,19.99,0
86,19.99,0
87,19.99,0
88,19.99,0
89,19.99,0
90,19.99,0
91,19.99,0
92,19.99,0
93,19.99,0
94,19.99,0
95,19.99,0
96,19.99,0
97,19.99,0
98,19.99,0
99,19.99,0
100,19.99,0
101,19.99,0
102,19.99,0
103,19.99,0
104,19.99,1
105,19.99,0
106,19.99,0
107,19.99,0
108,19.99,0
109,19.99,0
110,19.99,0
111,19.99,0
112,19.99,1
113,19.99,0
114,19.99,0
115,19.99,0
116,19.99,0
117,19.99,0
118,19.99,0
119,19.99,0
120,19.99,0
121,19.99,0
122,19.99,0
123,19.99,0
124,19.99,0
125,19.99,0
126,19.99,0
127,19.99,0
128,19.99,0
129,19.99,0
130,19.99,0
131,19.99,0
132,19.99,0
133,19.99,0
134,19.99,1
135,19.99,0
136,19.99,0
137,19.99,0
138,19.99,0
139,19.99,1
140,19.99,1
141,19.99,0
142,19.99,0
143,19.99,0
144,19.99,0
145,19.99,0
146,19.99,0
147,19.99,0
148,19.99,0
149,19.99,0
150,19.99,1
151,19.99,0
152,19.99,0
153,19.99,0
154,19.99,1
155,19.99,0
156,19.99,0
157,19.99,0
158,19.99,0
159,19.99,0
160,19.99,0
161,19.99,0
162,19.99,0
163,19.99,0
164,19.99,0
165,19.99,0
166,19.99,0
167,19.99,0
168,19.99,0
169,19.99,0
170,19.99,0
171,19.99,0
172,19.99,0
173,19.99,0
174,19.99,0
175,19.99,0
176,19.99,0
177,19.99,0
178,19.99,1
179,19.99,0
180,19.99,0
181,19.99,0
182,19.99,1
183,19.99,0
184,19.99,0
185,19.99,0
186,19.99,0
187,19.99,0
188,19.99,0
189,19.99,0
190,19.99,0
191,19.99,0
192,19.99,1
193,19.99,0
194,19.99,0
195,19.99,0
196,19.99,0
197,19.99,0
198,19.99,0
199,19.99,0
200,19.99,0
201,19.99,0
202,19.99,0
203,19.99,0
204,19.99,0
205,19.99,0
206,19.99,0
207,19.99,0
208,19.99,0
209,19.99,0
210,19.99,0
211,19.99,0
212,19.99,0
213,19.99,0
214,19.99,0
215,19.99,0
216,19.99,0
217,19.99,0
218,19.99,0
219,19.99,0
220,19.99,0
221,19.99,0
222,19.99,0
223,19.99,0
224,19.99,0
225,19.99,0
226,19.99,1
227,19.99,0
228,19.99,0
229,19.99,0
230,19.99,0
231,19.99,0
232,19.99,0
233,19.99,0
234,19.99,0
235,19.99,0
236,19.99,0
237,19.99,0
238,19.99,0
239,19.99,0
240,19.99,1
241,19.99,1
242,19.99,1
243,19.99,0
244,19.99,0
245,19.99,1
246,19.99,0
247,19.99,1
248,19.99,1
249,19.99,0
250,19.99,0
251,19.99,0
252,19.99,0
253,19.99,0
254,19.99,0
255,19.99,0
256,19.99,1
257,19.99,0
258,19.99,0
259,19.99,0
260,19.99,0
261,19.99,1
262,19.99,0
263,19.99,0
264,19.99,0
265,19.99,0
266,19.99,0
267,19.99,0
268,19.99,0
269,19.99,0
270,19.99,0
271,19.99,0
272,19.99,0
273,19.99,1
274,19.99,0
275,19.99,0
276,19.99,0
277,19.99,0
278,19.99,0
279,19.99,0
280,19.99,0
281,19.99,0
282,19.99,0
283,19.99,0
284,19.99,0
285,19.99,0
286,19.99,0
287,19.99,0
288,19.99,0
289,19.99,0
290,19.99,0
291,19.99,0
292,19.99,0
293,19.99,0
294,19.99,0
295,19.99,0
296,19.99,0
297,19.99,0
298,19.99,0
299,19.99,0
300,19.99,0
301,19.99,0
302,19.99,0
303,19.99,0
304,19.99,0
305,19.99,1
306,19.99,0
307,19.99,0
308,19.99,0
309,19.99,0
310,19.99,0
311,19.99,0
312,19.99,0
313,19.99,1
314,19.99,0
315,19.99,0
316,19.99,0
317,19.99,0
318,19.99,0
319,19.99,0
320,19.99,0
321,19.99,0
322,19.99,0
323,19.99,0
324,19.99,1
325,19.99,0
326,19.99,0
327,19.99,0
328,19.99,0
329,19.99,0
330,19.99,0
331,19.99,0
332,19.99,0
333,19.99,0
334,19.99,0
335,19.99,0
336,19.99,0
337,19.99,0
338,19.99,0
339,19.99,0
340,19.99,0
341,19.99,0
342,19.99,0
343,19.99,0
344,19.99,0
345,19.99,0
346,19.99,0
347,19.99,0
348,19.99,0
349,19.99,0
350,19.99,0
351,19.99,0
352,19.99,0
353,19.99,0
354,19.99,0
355,19.99,0
356,19.99,0
357,19.99,0
358,19.99,1
359,19.99,0
360,19.99,0
361,19.99,0
362,19.99,0
363,19.99,0
364,19.99,1
365,19.99,0
366,19.99,1
367,19.99,1
368,19.99,0
369,19.99,0
370,19.99,0
371,19.99,0
372,19.99,0
373,19.99,0
374,19.99,0
375,19.99,0
376,19.99,0
377,19.99,0
378,19.99,0
379,19.99,0
380,19.99,0
381,19.99,0
382,19.99,0
383,19.99,0
384,19.99,0
385,19.99,0
386,19.99,0
387,19.99,0
388,19.99,0
389,19.99,0
390,19.99,1
391,19.99,0
392,19.99,0
393,19.99,0
394,19.99,0
395,19.99,1
396,19.99,0
397,19.99,0
398,19.99,0
399,19.99,0
400,19.99,0
401,19.99,1
402,19.99,0
403,19.99,0
404,19.99,0
405,19.99,0
406,19.99,0
407,19.99,0
408,19.99,1
409,19.99,0
410,19.99,0
411,19.99,1
412,19.99,1
413,19.99,0
414,19.99,0
415,19.99,0
416,19.99,0
417,19.99,0
418,19.99,0
419,19.99,0
420,19.99,0
421,19.99,0
422,19.99,0
423,19.99,0
424,19.99,0
425,19.99,0
426,19.99,0
427,19.99,0
428,19.99,0
429,19.99,0
430,19.99,0
431,19.99,0
432,19.99,0
433,19.99,0
434,19.99,0
435,19.99,0
436,19.99,0
437,19.99,0
438,19.99,0
439,19.99,0
440,19.99,0
441,19.99,1
442,19.99,0
443,19.99,0
444,19.99,0
445,19.99,1
446,19.99,1
447,19.99,0
448,19.99,0
449,19.99,0
450,19.99,0
451,19.99,0
452,19.99,0
453,19.99,1
454,19.99,0
455,19.99,0
456,19.99,0
457,19.99,0
458,19.99,0
459,19.99,0
460,19.99,0
461,19.99,0
462,19.99,0
463,19.99,0
464,19.99,1
465,19.99,0
466,19.99,0
467,19.99,0
468,19.99,0
469,19.99,1
470,19.99,0
471,19.99,1
472,19.99,0
473,19.99,0
474,19.99,0
475,19.99,1
476,19.99,0
477,19.99,0
478,19.99,1
479,19.99,0
480,19.99,0
481,19.99,0
482,19.99,0
483,19.99,0
484,19.99,0
485,19.99,1
486,19.99,0
487,19.99,0
488,19.99,1
489,19.99,0
490,19.99,0
491,19.99,0
492,19.99,0
493,19.99,0
494,19.99,0
495,19.99,0
496,19.99,0
497,19.99,0
498,19.99,1
499,19.99,1
500,19.99,0
501,19.99,0
502,19.99,0
503,19.99,0
504,19.99,0
505,19.99,0
506,19.99,1
507,19.99,0
508,19.99,1
509,19.99,0
510,19.99,0
511,19.99,0
512,19.99,1
513,19.99,0
514,19.99,0
515,19.99,0
516,19.99,0
517,19.99,0
518,19.99,1
519,19.99,0
520,19.99,0
521,19.99,0
522,19.99,1
523,19.99,0
524,19.99,0
525,19.99,0
526,19.99,0
527,19.99,0
528,19.99,0
529,19.99,0
530,19.99,0
531,19.99,1
532,19.99,1
533,19.99,0
534,19.99,0
535,19.99,1
536,19.99,0
537,19.99,0
538,19.99,0
539,19.99,0
540,19.99,1
541,19.99,0
542,19.99,0
543,19.99,0
544,19.99,0
545,19.99,0
546,19.99,0
547,19.99,0
548,19.99,0
549,19.99,0
550,19.99,0
551,19.99,0
552,19.99,0
553,19.99,0
554,19.99,0
555,19.99,0
556,19.99,0
557,19.99,0
558,19.99,0
559,19.99,0
560,19.99,0
561,19.99,0
562,19.99,0
563,19.99,0
564,19.99,0
565,19.99,0
566,19.99,0
567,19.99,0
568,19.99,1
569,19.99,0
570,19.99,0
571,19.99,0
572,19.99,0
573,19.99,0
574,19.99,0
575,19.99,1
576,19.99,0
577,19.99,1
578,19.99,0
579,19.99,0
580,19.99,0
581,19.99,1
582,19.99,0
583,19.99,0
584,19.99,0
585,19.99,0
586,19.99,0
587,19.99,0
588,19.99,0
589,19.99,0
590,19.99,0
591,19.99,0
592,19.99,0
593,19.99,0
594,19.99,0
595,19.99,0
596,19.99,0
597,19.99,0
598,19.99,0
599,19.99,0
600,19.99,0
601,19.99,0
602,19.99,0
603,19.99,0
604,19.99,0
605,19.99,0
606,19.99,0
607,19.99,0
608,19.99,0
609,19.99,0
610,19.99,0
611,19.99,0
612,19.99,0
613,19.99,0
614,19.99,0
615,19.99,1
616,19.99,0
617,19.99,0
618,19.99,0
619,19.99,0
620,19.99,0
621,19.99,0
622,19.99,0
623,19.99,0
624,19.99,0
625,19.99,0
626,19.99,0
627,19.99,0
628,19.99,0
629,19.99,0
630,19.99,0
631,19.99,0
632,19.99,0
633,19.99,0
634,19.99,0
635,19.99,0
636,19.99,0
637,19.99,0
638,19.99,0
639,19.99,0
640,19.99,0
641,19.99,0
642,19.99,0
643,19.99,0
644,19.99,0
645,19.99,0
646,19.99,0
647,19.99,0
648,19.99,0
649,19.99,0
650,19.99,0
651,19.99,0
652,19.99,0
653,19.99,0
654,19.99,0
655,19.99,0
656,19.99,0
657,19.99,0
658,19.99,0
659,19.99,0
660,19.99,0
661,19.99,1
662,19.99,0
663,19.99,0
664,19.99,0
665,19.99,0
666,19.99,0
667,19.99,0
668,19.99,0
669,19.99,0
670,19.99,0
671,19.99,0
672,19.99,0
673,19.99,0
674,19.99,0
675,19.99,1
676,19.99,0
677,19.99,0
678,19.99,1
679,19.99,0
680,19.99,0
681,19.99,0
682,19.99,0
683,19.99,0
684,19.99,1
685,19.99,0
686,19.99,0
687,19.99,0
688,19.99,0
689,19.99,0
690,19.99,0
691,19.99,0
692,19.99,0
693,19.99,0
694,19.99,0
695,19.99,0
696,19.99,0
697,19.99,0
698,19.99,0
699,19.99,0
700,19.99,0
701,19.99,0
702,19.99,0
703,19.99,0
704,19.99,0
705,19.99,1
706,19.99,0
707,19.99,0
708,19.99,0
709,19.99,0
710,19.99,0
711,19.99,0
712,19.99,0
713,19.99,0
714,19.99,0
715,19.99,1
716,19.99,0
717,19.99,1
718,19.99,0
719,19.99,0
720,19.99,1
721,19.99,0
722,19.99,0
723,19.99,0
724,19.99,0
725,19.99,0
726,19.99,0
727,19.99,0
728,19.99,0
729,19.99,0
730,19.99,0
731,19.99,0
732,19.99,0
733,19.99,0
734,19.99,0
735,19.99,0
736,19.99,0
737,19.99,0
738,19.99,0
739,19.99,0
740,19.99,0
741,19.99,0
742,19.99,0
743,19.99,0
744,19.99,0
745,19.99,0
746,19.99,0
747,19.99,0
748,19.99,1
749,19.99,0
750,19.99,0
751,19.99,1
752,19.99,0
753,19.99,0
754,19.99,0
755,19.99,0
756,19.99,0
757,19.99,0
758,19.99,0
759,19.99,0
760,19.99,0
761,19.99,0
762,19.99,0
763,19.99,0
764,19.99,0
765,19.99,0
766,19.99,0
767,19.99,0
768,19.99,0
769,19.99,0
770,19.99,0
771,19.99,0
772,19.99,0
773,19.99,0
774,19.99,0
775,19.99,0
776,19.99,0
777,19.99,0
778,19.99,0
779,19.99,0
780,19.99,0
781,19.99,0
782,19.99,0
783,19.99,0
784,19.99,0
785,19.99,1
786,19.99,0
787,19.99,0
788,19.99,0
789,19.99,1
790,19.99,0
791,19.99,0
792,19.99,0
793,19.99,0
794,19.99,0
795,19.99,0
796,19.99,1
797,19.99,0
798,19.99,0
799,19.99,1
800,19.99,0
801,19.99,0
802,19.99,0
803,19.99,0
804,19.99,0
805,19.99,0
806,19.99,1
807,19.99,1
808,19.99,0
809,19.99,0
810,19.99,1
811,19.99,0
812,19.99,0
813,19.99,1
814,19.99,0
815,19.99,0
816,19.99,0
817,19.99,0
818,19.99,0
819,19.99,0
820,19.99,0
821,19.99,0
822,19.99,0
823,19.99,0
824,19.99,0
825,19.99,1
826,19.99,0
827,19.99,0
828,19.99,0
829,19.99,0
830,19.99,0
831,19.99,0
832,19.99,0
833,19.99,0
834,19.99,0
835,19.99,0
836,19.99,1
837,19.99,0
838,19.99,0
839,19.99,0
840,19.99,0
841,19.99,0
842,19.99,0
843,19.99,1
844,19.99,0
845,19.99,0
846,19.99,0
847,19.99,1
848,19.99,0
849,19.99,0
850,19.99,0
851,19.99,0
852,19.99,0
853,19.99,0
854,19.99,0
855,19.99,0
856,19.99,0
857,19.99,0
858,19.99,0
859,19.99,0
860,19.99,0
861,19.99,0
862,19.99,0
863,19.99,0
864,19.99,0
865,19.99,0
866,19.99,0
867,19.99,0
868,19.99,0
869,19.99,1
870,19.99,0
871,19.99,0
872,19.99,0
873,19.99,0
874,19.99,0
875,19.99,0
876,19.99,0
877,19.99,0
878,19.99,0
879,19.99,0
880,19.99,0
881,19.99,0
882,19.99,0
883,19.99,0
884,19.99,0
885,19.99,0
886,19.99,0
887,19.99,0
888,19.99,0
889,19.99,0
890,19.99,0
891,19.99,0
892,19.99,0
893,19.99,0
894,19.99,0
895,19.99,0
896,19.99,0
897,19.99,0
898,19.99,0
899,19.99,0
900,19.99,0
901,19.99,0
902,19.99,0
903,19.99,0
904,19.99,0
905,19.99,0
906,19.99,0
907,19.99,0
908,19.99,0
909,19.99,0
910,19.99,0
911,19.99,0
912,19.99,0
913,19.99,0
914,19.99,0
915,19.99,0
916,19.99,0
917,19.99,1
918,19.99,0
919,19.99,0
920,19.99,0
921,19.99,0
922,19.99,0
923,19.99,0
924,19.99,0
925,19.99,0
926,19.99,0
927,19.99,0
928,19.99,0
929,19.99,0
930,19.99,0
931,19.99,0
932,19.99,1
933,19.99,0
934,19.99,0
935,19.99,0
936,19.99,0
937,19.99,1
938,19.99,0
939,19.99,0
940,19.99,0
941,19.99,0
942,19.99,0
943,19.99,0
944,19.99,0
945,19.99,0
946,19.99,0
947,19.99,1
948,19.99,0
949,19.99,0
950,19.99,0
951,19.99,0
952,19.99,0
953,19.99,1
954,19.99,0
955,19.99,0
956,19.99,0
957,19.99,0
958,19.99,0
959,19.99,0
960,19.99,0
961,19.99,0
962,19.99,0
963,19.99,0
964,19.99,0
965,19.99,0
966,19.99,0
967,19.99,0
968,19.99,0
969,19.99,0
970,19.99,0
971,19.99,1
972,19.99,0
973,19.99,0
974,19.99,0
975,19.99,0
976,19.99,0
977,19.99,0
978,19.99,0
979,19.99,0
980,19.99,0
981,19.99,0
982,19.99,0
983,19.99,0
984,19.99,0
985,19.99,0
986,19.99,0
987,19.99,0
988,19.99,0
989,19.99,0
990,19.99,0
991,19.99,0
992,19.99,0
993,19.99,0
994,19.99,0
995,19.99,0
996,19.99,1
997,19.99,0
998,19.99,1
999,19.99,0
1000,19.99,0
1001,19.99,0
1002,19.99,0
1003,19.99,0
1004,19.99,0
1005,19.99,0
1006,19.99,0
1007,19.99,0
1008,19.99,0
1009,19.99,0
1010,19.99,0
1011,19.99,1
1012,19.99,1
1013,19.99,0
1014,19.99,0
1015,19.99,1
1016,19.99,0
1017,19.99,0
1018,19.99,1
1019,19.99,0
1020,19.99,0
1021,19.99,0
1022,19.99,1
1023,19.99,1
1024,19.99,1
1025,19.99,0
1026,19.99,0
1027,19.99,0
1028,19.99,0
1029,19.99,0
1030,19.99,0
1031,19.99,0
1032,19.99,0
1033,19.99,0
1034,19.99,0
1035,19.99,0
1036,19.99,0
1037,19.99,0
1038,19.99,0
1039,19.99,0
1040,19.99,0
1041,19.99,0
1042,19.99,0
1043,19.99,0
1044,19.99,0
1045,19.99,0
1046,19.99,0
1047,19.99,0
1048,19.99,0
1049,19.99,0
1050,19.99,0
1051,19.99,0
1052,19.99,1
1053,19.99,0
1054,19.99,1
1055,19.99,0
1056,19.99,0
1057,19.99,0
1058,19.99,0
1059,19.99,0
1060,19.99,0
1061,19.99,1
1062,19.99,0
1063,19.99,0
1064,19.99,0
1065,19.99,0
1066,19.99,0
1067,19.99,0
1068,19.99,0
1069,19.99,0
1070,19.99,0
1071,19.99,0
1072,19.99,0
1073,19.99,0
1074,19.99,1
1075,19.99,0
1076,19.99,0
1077,19.99,0
1078,19.99,0
1079,19.99,1
1080,19.99,0
1081,19.99,0
1082,19.99,0
1083,19.99,0
1084,19.99,1
1085,19.99,0
1086,19.99,0
1087,19.99,0
1088,19.99,1
1089,19.99,0
1090,19.99,1
1091,19.99,0
1092,19.99,0
1093,19.99,0
1094,19.99,0
1095,19.99,0
1096,19.99,0
1097,19.99,0
1098,19.99,0
1099,19.99,0
1100,19.99,0
1101,19.99,1
1102,19.99,0
1103,19.99,1
1104,19.99,1
1105,19.99,0
1106,19.99,0
1107,19.99,0
1108,19.99,0
1109,19.99,0
1110,19.99,0
1111,19.99,0
1112,19.99,0
1113,19.99,0
1114,19.99,0
1115,19.99,0
1116,19.99,0
1117,19.99,0
1118,19.99,0
1119,19.99,0
1120,19.99,0
1121,19.99,1
1122,19.99,0
1123,19.99,0
1124,19.99,0
1125,19.99,0
1126,19.99,0
1127,19.99,0
1128,19.99,0
1129,19.99,0
1130,19.99,0
1131,19.99,0
1132,19.99,0
1133,19.99,0
1134,19.99,0
1135,19.99,0
1136,19.99,0
1137,19.99,0
1138,19.99,0
1139,19.99,0
1140,19.99,0
1141,19.99,0
1142,19.99,0
1143,19.99,0
1144,19.99,0
1145,19.99,0
1146,19.99,0
1147,19.99,0
1148,19.99,0
1149,19.99,0
1150,19.99,0
1151,19.99,0
1152,19.99,0
1153,19.99,0
1154,19.99,0
1155,19.99,0
1156,19.99,0
1157,19.99,0
1158,19.99,0
1159,19.99,0
1160,19.99,0
1161,19.99,0
1162,19.99,0
1163,19.99,0
1164,19.99,0
1165,19.99,0
1166,19.99,0
1167,19.99,0
1168,19.99,0
1169,19.99,0
1170,19.99,0
1171,19.99,1
1172,19.99,0
1173,19.99,0
1174,19.99,0
1175,19.99,0
1176,19.99,0
1177,19.99,0
1178,19.99,0
1179,19.99,0
1180,19.99,1
1181,19.99,0
1182,19.99,0
1183,19.99,1
1184,19.99,0
1185,19.99,1
1186,19.99,0
1187,19.99,0
1188,19.99,0
1189,19.99,0
1190,19.99,0
1191,19.99,0
1192,19.99,0
1193,19.99,0
1194,19.99,0
1195,19.99,0
1196,19.99,1
1197,19.99,1
1198,19.99,0
1199,19.99,0
1200,19.99,0
1201,19.99,0
1202,19.99,0
1203,19.99,0
1204,19.99,0
1205,19.99,0
1206,19.99,0
1207,19.99,0
1208,19.99,0
1209,19.99,1
1210,19.99,0
1211,19.99,0
1212,19.99,0
1213,19.99,0
1214,19.99,0
1215,19.99,0
1216,19.99,0
1217,19.99,0
1218,19.99,0
1219,19.99,0
1220,19.99,1
1221,19.99,0
1222,19.99,0
1223,19.99,1
1224,19.99,0
1225,19.99,0
1226,19.99,0
1227,19.99,0
1228,19.99,1
1229,19.99,0
1230,19.99,0
1231,19.99,0
1232,19.99,0
1233,19.99,0
1234,19.99,0
1235,19.99,0
1236,19.99,0
1237,19.99,0
1238,19.99,1
1239,19.99,0
1240,19.99,0
1241,19.99,0
1242,19.99,0
1243,19.99,0
1244,19.99,0
1245,19.99,0
1246,19.99,0
1247,19.99,0
1248,19.99,1
1249,19.99,0
1250,19.99,0
1251,19.99,0
1252,19.99,0
1253,19.99,0
1254,19.99,0
1255,19.99,0
1256,19.99,0
1257,19.99,0
1258,19.99,0
1259,19.99,0
1260,19.99,0
1261,19.99,0
1262,19.99,0
1263,19.99,0
1264,19.99,0
1265,19.99,0
1266,19.99,0
1267,19.99,0
1268,19.99,0
1269,19.99,0
1270,19.99,0
1271,19.99,0
1272,19.99,0
1273,19.99,0
1274,19.99,0
1275,19.99,0
1276,19.99,0
1277,19.99,1
1278,19.99,0
1279,19.99,0
1280,19.99,0
1281,19.99,0
1282,19.99,0
1283,19.99,0
1284,19.99,0
1285,19.99,0
1286,19.99,0
1287,19.99,0
1288,19.99,0
1289,19.99,0
1290,19.99,0
1291,19.99,0
1292,19.99,0
1293,19.99,0
1294,19.99,0
1295,19.99,0
1296,19.99,0
1297,19.99,0
1298,19.99,0
1299,19.99,0
1300,19.99,0
1301,19.99,1
1302,19.99,0
1303,19.99,0
1304,19.99,0
1305,19.99,0
1306,19.99,0
1307,19.99,0
1308,19.99,0
1309,19.99,0
1310,19.99,0
1311,19.99,0
1312,19.99,0
1313,19.99,0
1314,19.99,0
1315,19.99,0
1316,19.99,0
1317,19.99,0
1318,19.99,0
1319,19.99,0
1320,19.99,0
1321,19.99,0
1322,19.99,0
1323,19.99,0
1324,19.99,1
1325,19.99,0
1326,19.99,0
1327,19.99,0
1328,19.99,0
1329,19.99,0
1330,19.99,0
1331,19.99,0
1332,19.99,0
1333,19.99,1
1334,19.99,1
1335,19.99,0
1336,19.99,0
1337,19.99,0
1338,19.99,0
1339,19.99,0
1340,19.99,0
1341,19.99,0
1342,19.99,0
1343,19.99,0
1344,19.99,0
1345,19.99,0
1346,19.99,0
1347,19.99,0
1348,19.99,1
1349,19.99,0
1350,19.99,0
1351,19.99,0
1352,19.99,0
1353,19.99,0
1354,19.99,0
1355,19.99,0
1356,19.99,1
1357,19.99,0
1358,19.99,0
1359,19.99,0
1360,19.99,1
1361,19.99,0
1362,19.99,0
1363,19.99,0
1364,19.99,0
1365,19.99,0
1366,19.99,0
1367,19.99,1
1368,19.99,0
1369,19.99,0
1370,19.99,1
1371,19.99,0
1372,19.99,0
1373,19.99,0
1374,19.99,0
1375,19.99,0
1376,19.99,0
1377,19.99,0
1378,19.99,0
1379,19.99,0
1380,19.99,0
1381,19.99,0
1382,19.99,1
1383,19.99,0
1384,19.99,0
1385,19.99,0
1386,19.99,0
1387,19.99,0
1388,19.99,1
1389,19.99,0
1390,19.99,0
1391,19.99,0
1392,19.99,0
1393,19.99,0
1394,19.99,0
1395,19.99,0
1396,19.99,0
1397,19.99,0
1398,19.99,0
1399,19.99,0
1400,19.99,0
1401,19.99,0
1402,19.99,0
1403,19.99,0
1404,19.99,0
1405,19.99,0
1406,19.99,0
1407,19.99,0
1408,19.99,0
1409,19.99,0
1410,19.99,0
1411,19.99,0
1412,19.99,0
1413,19.99,0
1414,19.99,0
1415,19.99,1
1416,19.99,0
1417,19.99,0
1418,19.99,0
1419,19.99,1
1420,19.99,0
1421,19.99,0
1422,19.99,0
1423,19.99,0
1424,19.99,1
1425,19.99,1
1426,19.99,0
1427,19.99,1
1428,19.99,0
1429,19.99,0
1430,19.99,0
1431,19.99,0
1432,19.99,0
1433,19.99,0
1434,19.99,0
1435,19.99,0
1436,19.99,0
1437,19.99,0
1438,19.99,0
1439,19.99,0
1440,19.99,1
1441,19.99,0
1442,19.99,0
1443,19.99,0
1444,19.99,0
1445,19.99,0
1446,19.99,0
1447,19.99,0
1448,19.99,1
1449,19.99,0
1450,19.99,0
1451,19.99,0
1452,19.99,0
1453,19.99,0
1454,19.99,0
1455,19.99,1
1456,19.99,0
1457,19.99,0
1458,19.99,0
1459,19.99,0
1460,19.99,0
1461,19.99,0
1462,19.99,0
1463,19.99,0
1464,19.99,1
1465,19.99,0
1466,19.99,1
1467,19.99,0
1468,19.99,0
1469,19.99,0
1470,19.99,0
1471,19.99,0
1472,19.99,0
1473,19.99,0
1474,19.99,0
1475,19.99,0
1476,19.99,0
1477,19.99,0
1478,19.99,0
1479,19.99,0
1480,19.99,0
1481,19.99,0
1482,19.99,0
1483,19.99,0
1484,19.99,0
1485,19.99,0
1486,19.99,0
1487,19.99,0
1488,19.99,0
1489,19.99,0
1490,19.99,0
1491,19.99,0
1492,19.99,0
1493,19.99,0
1494,19.99,0
1495,19.99,0
1496,19.99,0
1497,19.99,0
1498,19.99,0
1499,19.99,0
1500,19.99,0
1501,19.99,0
1502,19.99,0
1503,19.99,0
1504,19.99,0
1505,19.99,0
1506,19.99,0
1507,19.99,0
1508,19.99,0
1509,19.99,0
1510,19.99,0
1511,19.99,0
1512,19.99,1
1513,19.99,0
1514,19.99,0
1515,19.99,0
1516,19.99,0
1517,19.99,0
1518,19.99,0
1519,19.99,1
1520,19.99,0
1521,19.99,1
1522,19.99,0
1523,19.99,0
1524,19.99,0
1525,19.99,0
1526,19.99,0
1527,19.99,0
1528,19.99,0
1529,19.99,0
1530,19.99,0
1531,19.99,0
1532,19.99,0
1533,19.99,0
1534,19.99,0
1535,19.99,0
1536,19.99,0
1537,19.99,0
1538,19.99,0
1539,19.99,0
1540,19.99,0
1541,19.99,0
1542,19.99,0
1543,19.99,0
1544,19.99,1
1545,19.99,0
1546,19.99,0
1547,19.99,0
1548,19.99,0
1549,19.99,0
1550,19.99,1
1551,19.99,0
1552,19.99,0
1553,19.99,0
1554,19.99,0
1555,19.99,0
1556,19.99,0
1557,19.99,0
1558,19.99,0
1559,19.99,1
1560,19.99,0
1561,19.99,0
1562,19.99,0
1563,19.99,0
1564,19.99,0
1565,19.99,0
1566,19.99,0
1567,19.99,0
1568,19.99,0
1569,19.99,0
1570,19.99,0
1571,19.99,0
1572,19.99,0
1573,19.99,0
1574,19.99,0
1575,19.99,0
1576,19.99,0
1577,19.99,0
1578,19.99,0
1579,19.99,0
1580,19.99,0
1581,19.99,0
1582,19.99,0
1583,19.99,0
1584,19.99,1
1585,19.99,0
1586,19.99,0
1587,19.99,0
1588,19.99,0
1589,19.99,0
1590,19.99,0
1591,19.99,1
1592,19.99,0
1593,19.99,0
1594,19.99,0
1595,19.99,0
1596,19.99,0
1597,19.99,0
1598,19.99,0
1599,19.99,0
1600,19.99,0
1601,19.99,0
1602,19.99,0
1603,19.99,0
1604,19.99,0
1605,19.99,0
1606,19.99,0
1607,19.99,0
1608,19.99,0
1609,19.99,0
1610,19.99,0
1611,19.99,0
1612,19.99,0
1613,19.99,0
1614,19.99,0
1615,19.99,0
1616,19.99,1
1617,19.99,0
1618,19.99,0
1619,19.99,0
1620,19.99,0
1621,19.99,0
1622,19.99,0
1623,19.99,1
1624,19.99,0
1625,19.99,0
1626,19.99,0
1627,19.99,0
1628,19.99,0
1629,19.99,0
1630,19.99,0
1631,19.99,0
1632,19.99,0
1633,19.99,0
1634,19.99,1
1635,19.99,0
1636,19.99,0
1637,19.99,0
1638,19.99,1
1639,19.99,1
1640,19.99,0
1641,19.99,0
1642,19.99,0
1643,19.99,0
1644,19.99,0
1645,19.99,0
1646,19.99,0
1647,19.99,0
1648,19.99,0
1649,19.99,0
1650,19.99,0
1651,19.99,0
1652,19.99,0
1653,19.99,0
1654,19.99,0
1655,19.99,1
1656,19.99,0
1657,19.99,0
1658,19.99,0
1659,19.99,0
1660,19.99,0
1661,19.99,0
1662,19.99,1
1663,19.99,0
1664,19.99,1
1665,19.99,0
1666,19.99,0
1667,19.99,1
1668,19.99,0
1669,19.99,0
1670,19.99,0
1671,19.99,0
1672,19.99,0
1673,19.99,0
1674,19.99,0
1675,19.99,0
1676,19.99,0
1677,19.99,0
1678,19.99,0
1679,19.99,0
1680,19.99,0
1681,19.99,1
1682,19.99,0
1683,19.99,0
1684,19.99,0
1685,19.99,0
1686,19.99,1
1687,19.99,0
1688,19.99,0
1689,19.99,0
1690,19.99,0
1691,19.99,0
1692,19.99,0
1693,19.99,0
1694,19.99,0
1695,19.99,0
1696,19.99,0
1697,19.99,0
1698,19.99,1
1699,19.99,0
1700,19.99,1
1701,19.99,0
1702,19.99,0
1703,19.99,0
1704,19.99,0
1705,19.99,0
1706,19.99,0
1707,19.99,0
1708,19.99,0
1709,19.99,0
1710,19.99,0
1711,19.99,0
1712,19.99,0
1713,19.99,0
1714,19.99,0
1715,19.99,1
1716,19.99,0
1717,19.99,0
1718,19.99,1
1719,19.99,0
1720,19.99,0
1721,19.99,0
1722,19.99,0
1723,19.99,0
1724,19.99,0
1725,19.99,0
1726,19.99,0
1727,19.99,1
1728,19.99,0
1729,19.99,0
1730,19.99,0
1731,19.99,0
1732,19.99,0
1733,19.99,0
1734,19.99,0
1735,19.99,0
1736,19.99,0
1737,19.99,0
1738,19.99,0
1739,19.99,0
1740,19.99,0
1741,19.99,0
1742,19.99,0
1743,19.99,0
1744,19.99,0
1745,19.99,0
1746,19.99,0
1747,19.99,0
1748,19.99,0
1749,19.99,0
1750,19.99,0
1751,19.99,0
1752,19.99,0
1753,19.99,0
1754,19.99,1
1755,19.99,0
1756,19.99,1
1757,19.99,0
1758,19.99,0
1759,19.99,0
1760,19.99,0
1761,19.99,0
1762,19.99,0
1763,19.99,0
1764,19.99,0
1765,19.99,0
1766,19.99,0
1767,19.99,0
1768,19.99,0
1769,19.99,0
1770,19.99,0
1771,19.99,0
1772,19.99,0
1773,19.99,1
1774,19.99,0
1775,19.99,0
1776,19.99,0
1777,19.99,0
1778,19.99,0
1779,19.99,0
1780,19.99,0
1781,19.99,1
1782,19.99,0
1783,19.99,0
1784,19.99,0
1785,19.99,0
1786,19.99,0
1787,19.99,0
1788,19.99,0
1789,19.99,0
1790,19.99,0
1791,19.99,0
1792,19.99,0
1793,19.99,0
1794,19.99,0
1795,19.99,0
1796,19.99,0
1797,19.99,0
1798,19.99,0
1799,19.99,0
1800,19.99,1
1801,19.99,0
1802,19.99,0
1803,19.99,0
1804,19.99,0
1805,19.99,0
1806,19.99,0
1807,19.99,0
1808,19.99,0
1809,19.99,0
1810,19.99,0
1811,19.99,0
1812,19.99,0
1813,19.99,0
1814,19.99,0
1815,19.99,1
1816,19.99,0
1817,19.99,0
1818,19.99,0
1819,19.99,0
1820,19.99,0
1821,19.99,0
1822,19.99,0
1823,19.99,0
1824,19.99,0
1825,19.99,0
1826,19.99,0
1827,19.99,1
1828,19.99,0
1829,19.99,0
1830,19.99,1
1831,19.99,0
1832,19.99,0
1833,19.99,0
1834,19.99,0
1835,19.99,0
1836,19.99,0
1837,19.99,0
1838,19.99,1
1839,19.99,0
1840,19.99,0
1841,19.99,0
1842,19.99,0
1843,19.99,0
1844,19.99,1
1845,19.99,0
1846,19.99,0
1847,19.99,0
1848,19.99,0
1849,19.99,0
1850,19.99,0
1851,19.99,0
1852,19.99,0
1853,19.99,0
1854,19.99,1
1855,19.99,0
1856,19.99,0
1857,19.99,0
1858,19.99,0
1859,19.99,0
1860,19.99,0
1861,19.99,0
1862,19.99,0
1863,19.99,0
1864,19.99,1
1865,19.99,1
1866,19.99,0
1867,19.99,0
1868,19.99,0
1869,19.99,0
1870,19.99,0
1871,19.99,0
1872,19.99,0
1873,19.99,0
1874,19.99,0
1875,19.99,0
1876,19.99,0
1877,19.99,0
1878,19.99,0
1879,19.99,0
1880,19.99,0
1881,19.99,0
1882,19.99,0
1883,19.99,0
1884,19.99,0
1885,19.99,0
1886,19.99,0
1887,19.99,0
1888,19.99,0
1889,19.99,1
1890,19.99,0
1891,19.99,0
1892,19.99,0
1893,19.99,0
1894,19.99,0
1895,19.99,0
1896,19.99,0
1897,19.99,0
1898,19.99,0
1899,19.99,0
1900,19.99,0
1901,19.99,0
1902,19.99,0
1903,19.99,0
1904,19.99,0
1905,19.99,0
1906,19.99,1
1907,19.99,0
1908,19.99,0
1909,19.99,0
1910,19.99,0
1911,19.99,0
1912,19.99,1
1913,19.99,0
1914,19.99,0
1915,19.99,0
1916,19.99,0
1917,19.99,0
1918,19.99,0
1919,19.99,0
1920,19.99,0
1921,19.99,0
1922,19.99,0
1923,19.99,0
1924,19.99,0
1925,19.99,0
1926,19.99,0
1927,19.99,0
1928,19.99,0
1929,19.99,0
1930,19.99,0
1931,19.99,0
1932,19.99,0
1933,19.99,0
1934,19.99,0
1935,19.99,0
1936,19.99,0
1937,19.99,0
1938,19.99,0
1939,19.99,0
1940,19.99,0
1941,19.99,0
1942,19.99,0
1943,19.99,0
1944,19.99,0
1945,19.99,0
1946,19.99,0
1947,19.99,0
1948,19.99,0
1949,19.99,0
1950,19.99,0
1951,19.99,0
1952,19.99,0
1953,19.99,0
1954,19.99,1
1955,19.99,1
1956,19.99,0
1957,19.99,0
1958,19.99,0
1959,19.99,0
1960,19.99,0
1961,19.99,0
1962,19.99,0
1963,19.99,0
1964,19.99,0
1965,19.99,0
1966,19.99,0
1967,19.99,0
1968,19.99,0
1969,19.99,0
1970,19.99,0
1971,19.99,0
1972,19.99,0
1973,19.99,0
1974,19.99,0
1975,19.99,1
1976,19.99,0
1977,19.99,0
1978,19.99,0
1979,19.99,0
1980,19.99,0
1981,19.99,0
1982,19.99,0
1983,19.99,0
1984,19.99,0
1985,19.99,0
1986,19.99,0
1987,19.99,0
1988,19.99,0
1989,19.99,0
1990,19.99,0
1991,19.99,0
1992,19.99,0
1993,19.99,0
1994,19.99,0
1995,19.99,0
1996,19.99,1
1997,19.99,0
1998,19.99,0
1999,19.99,0
2000,19.99,0
2001,19.99,0
2002,19.99,1
2003,19.99,0
2004,19.99,0
2005,19.99,0
2006,19.99,0
2007,19.99,0
2008,19.99,0
2009,19.99,0
2010,19.99,0
2011,19.99,0
2012,19.99,1
2013,19.99,0
2014,19.99,0
2015,19.99,0
2016,19.99,0
2017,19.99,0
2018,19.99,0
2019,19.99,0
2020,19.99,1
2021,19.99,0
2022,19.99,1
2023,19.99,0
2024,19.99,0
2025,19.99,0
2026,19.99,0
2027,19.99,1
2028,19.99,0
2029,19.99,0
2030,19.99,0
2031,19.99,0
2032,19.99,0
2033,19.99,1
2034,19.99,0
2035,19.99,0
2036,19.99,0
2037,19.99,0
2038,19.99,0
2039,19.99,0
2040,19.99,0
2041,19.99,0
2042,19.99,0
2043,19.99,0
2044,19.99,0
2045,19.99,0
2046,19.99,0
2047,19.99,0
2048,19.99,0
2049,19.99,0
2050,19.99,0
2051,19.99,0
2052,19.99,0
2053,19.99,1
2054,19.99,0
2055,19.99,0
2056,19.99,0
2057,19.99,0
2058,19.99,0
2059,19.99,0
2060,19.99,0
2061,19.99,0
2062,19.99,0
2063,19.99,0
2064,19.99,0
2065,19.99,0
2066,19.99,0
2067,19.99,0
2068,19.99,0
2069,19.99,0
2070,19.99,0
2071,19.99,0
2072,19.99,0
2073,19.99,0
2074,19.99,0
2075,19.99,0
2076,19.99,0
2077,19.99,0
2078,19.99,1
2079,19.99,0
2080,19.99,0
2081,19.99,0
2082,19.99,0
2083,19.99,1
2084,19.99,0
2085,19.99,0
2086,19.99,0
2087,19.99,0
2088,19.99,0
2089,19.99,0
2090,19.99,0
2091,19.99,1
2092,19.99,0
2093,19.99,0
2094,19.99,0
2095,19.99,0
2096,19.99,0
2097,19.99,0
2098,19.99,0
2099,19.99,0
2100,19.99,1
2101,19.99,0
2102,19.99,0
2103,19.99,0
2104,19.99,0
2105,19.99,0
2106,19.99,0
2107,19.99,1
2108,19.99,0
2109,19.99,1
2110,19.99,0
2111,19.99,0
2112,19.99,0
2113,19.99,0
2114,19.99,0
2115,19.99,0
2116,19.99,0
2117,19.99,0
2118,19.99,0
2119,19.99,0
2120,19.99,0
2121,19.99,0
2122,19.99,1
2123,19.99,0
2124,19.99,1
2125,19.99,0
2126,19.99,0
2127,19.99,0
2128,19.99,0
2129,19.99,0
2130,19.99,0
2131,19.99,0
2132,19.99,0
2133,19.99,0
2134,19.99,0
2135,19.99,0
2136,19.99,0
2137,19.99,0
2138,19.99,0
2139,19.99,0
2140,19.99,0
2141,19.99,0
2142,19.99,0
2143,19.99,0
2144,19.99,0
2145,19.99,0
2146,19.99,0
2147,19.99,0
2148,19.99,0
2149,19.99,0
2150,19.99,0
2151,19.99,0
2152,19.99,0
2153,19.99,0
2154,19.99,0
2155,19.99,0
2156,19.99,0
2157,19.99,0
2158,19.99,0
2159,19.99,0
2160,19.99,0
2161,19.99,0
2162,19.99,0
2163,19.99,0
2164,19.99,0
2165,19.99,1
2166,19.99,0
2167,19.99,0
2168,19.99,0
2169,19.99,0
2170,19.99,0
2171,19.99,0
2172,19.99,0
2173,19.99,0
2174,19.99,0
2175,19.99,0
2176,19.99,0
2177,19.99,0
2178,19.99,0
2179,19.99,0
2180,19.99,0
2181,19.99,0
2182,19.99,0
2183,19.99,0
2184,19.99,0
2185,19.99,1
2186,19.99,0
2187,19.99,0
2188,19.99,0
2189,19.99,0
2190,19.99,0
2191,19.99,1
2192,19.99,0
2193,19.99,0
2194,19.99,0
2195,19.99,0
2196,19.99,0
2197,19.99,0
2198,19.99,0
2199,19.99,0
2200,19.99,1
2201,19.99,0
2202,19.99,0
2203,19.99,0
2204,19.99,0
2205,19.99,1
2206,19.99,0
2207,19.99,0
2208,19.99,0
2209,19.99,1
2210,19.99,0
2211,19.99,0
2212,19.99,0
2213,19.99,1
2214,19.99,0
2215,19.99,0
2216,19.99,0
2217,19.99,0
2218,19.99,0
2219,19.99,0
2220,19.99,0
2221,19.99,0
2222,19.99,0
2223,19.99,0
2224,19.99,0
2225,19.99,0
2226,19.99,0
2227,19.99,0
2228,19.99,0
2229,19.99,0
2230,19.99,0
2231,19.99,0
2232,19.99,1
2233,19.99,0
2234,19.99,0
2235,19.99,0
2236,19.99,0
2237,19.99,0
2238,19.99,0
2239,19.99,0
2240,19.99,0
2241,19.99,0
2242,19.99,0
2243,19.99,1
2244,19.99,0
2245,19.99,0
2246,19.99,0
2247,19.99,0
2248,19.99,0
2249,19.99,0
2250,19.99,0
2251,19.99,1
2252,19.99,0
2253,19.99,0
2254,19.99,0
2255,19.99,0
2256,19.99,0
2257,19.99,0
2258,19.99,0
2259,19.99,0
2260,19.99,0
2261,19.99,0
2262,19.99,0
2263,19.99,0
2264,19.99,0
2265,19.99,0
2266,19.99,0
2267,19.99,0
2268,19.99,0
2269,19.99,0
2270,19.99,0
2271,19.99,0
2272,19.99,0
2273,19.99,0
2274,19.99,1
2275,19.99,0
2276,19.99,0
2277,19.99,0
2278,19.99,0
2279,19.99,0
2280,19.99,0
2281,19.99,0
2282,19.99,0
2283,19.99,0
2284,19.99,0
2285,19.99,0
2286,19.99,1
2287,19.99,0
2288,19.99,0
2289,19.99,0
2290,19.99,0
2291,19.99,0
2292,19.99,0
2293,19.99,0
2294,19.99,0
2295,19.99,0
2296,19.99,0
2297,19.99,0
2298,19.99,0
2299,19.99,0
2300,19.99,0
2301,19.99,0
2302,19.99,0
2303,19.99,0
2304,19.99,1
2305,19.99,0
2306,19.99,0
2307,19.99,0
2308,19.99,0
2309,19.99,0
2310,19.99,0
2311,19.99,0
2312,19.99,0
2313,19.99,0
2314,19.99,1
2315,19.99,0
2316,19.99,0
2317,19.99,0
2318,19.99,0
2319,19.99,0
2320,19.99,1
2321,19.99,0
2322,19.99,0
2323,19.99,0
2324,19.99,0
2325,19.99,1
2326,19.99,0
2327,19.99,0
2328,19.99,0
2329,19.99,0
2330,19.99,0
2331,19.99,0
2332,19.99,0
2333,19.99,0
2334,19.99,0
2335,19.99,0
2336,19.99,0
2337,19.99,0
2338,19.99,0
2339,19.99,0
2340,19.99,0
2341,19.99,0
2342,19.99,0
2343,19.99,0
2344,19.99,1
2345,19.99,0
2346,19.99,0
2347,19.99,0
2348,19.99,0
2349,19.99,0
2350,19.99,0
2351,19.99,1
2352,19.99,0
2353,19.99,0
2354,19.99,0
2355,19.99,0
2356,19.99,1
2357,19.99,0
2358,19.99,0
2359,19.99,0
2360,19.99,0
2361,19.99,0
2362,19.99,0
2363,19.99,0
2364,19.99,0
2365,19.99,0
2366,19.99,0
2367,19.99,0
2368,19.99,0
2369,19.99,0
2370,19.99,0
2371,19.99,0
2372,19.99,0
2373,19.99,0
2374,19.99,0
2375,19.99,0
2376,19.99,0
2377,19.99,0
2378,19.99,0
2379,19.99,0
2380,19.99,0
2381,19.99,0
2382,19.99,1
2383,19.99,0
2384,19.99,0
2385,19.99,0
2386,19.99,0
2387,19.99,0
2388,19.99,0
2389,19.99,0
2390,19.99,0
2391,19.99,0
2392,19.99,0
2393,19.99,0
2394,19.99,0
2395,19.99,0
2396,19.99,0
2397,19.99,0
2398,19.99,0
2399,19.99,0
2400,19.99,0
2401,19.99,0
2402,19.99,0
2403,19.99,0
2404,19.99,0
2405,19.99,0
2406,19.99,0
2407,19.99,0
2408,19.99,1
2409,19.99,0
2410,19.99,0
2411,19.99,0
2412,19.99,0
2413,19.99,0
2414,19.99,0
2415,19.99,1
2416,19.99,0
2417,19.99,0
2418,19.99,0
2419,19.99,0
2420,19.99,0
2421,19.99,0
2422,19.99,0
2423,19.99,0
2424,19.99,0
2425,19.99,1
2426,19.99,0
2427,19.99,1
2428,19.99,0
2429,19.99,0
2430,19.99,0
2431,19.99,0
2432,19.99,1
2433,19.99,0
2434,19.99,1
2435,19.99,0
2436,19.99,0
2437,19.99,0
2438,19.99,0
2439,19.99,0
2440,19.99,0
2441,19.99,0
2442,19.99,0
2443,19.99,0
2444,19.99,0
2445,19.99,0
2446,19.99,0
2447,19.99,0
2448,19.99,0
2449,19.99,0
2450,19.99,0
2451,19.99,1
2452,19.99,0
2453,19.99,0
2454,19.99,0
2455,19.99,0
2456,19.99,0
2457,19.99,0
2458,19.99,0
2459,19.99,0
2460,19.99,1
2461,19.99,0
2462,19.99,0
2463,19.99,0
2464,19.99,0
2465,19.99,0
2466,19.99,0
2467,19.99,0
2468,19.99,0
2469,19.99,0
2470,19.99,0
2471,19.99,1
2472,19.99,1
2473,19.99,0
2474,19.99,0
2475,19.99,0
2476,19.99,0
2477,19.99,0
2478,19.99,0
2479,19.99,0
2480,19.99,0
2481,19.99,0
2482,19.99,1
2483,19.99,0
2484,19.99,0
2485,19.99,1
2486,19.99,0
2487,19.99,0
2488,19.99,0
2489,19.99,0
2490,19.99,0
2491,19.99,0
2492,19.99,0
2493,19.99,0
2494,19.99,0
2495,19.99,0
2496,19.99,0
2497,19.99,0
2498,19.99,1
2499,19.99,0
2500,19.99,0
2501,19.99,0
2502,19.99,0
2503,19.99,1
2504,19.99,0
2505,19.99,0
2506,19.99,0
2507,19.99,0
2508,19.99,0
2509,19.99,0
2510,19.99,0
2511,19.99,0
2512,19.99,0
2513,19.99,0
2514,19.99,0
2515,19.99,1
2516,19.99,0
2517,19.99,0
2518,19.99,0
2519,19.99,0
2520,19.99,0
2521,19.99,0
2522,19.99,0
2523,19.99,0
2524,19.99,0
2525,19.99,0
2526,19.99,0
2527,19.99,1
2528,19.99,0
2529,19.99,1
2530,19.99,0
2531,19.99,0
2532,19.99,0
2533,19.99,0
2534,19.99,0
2535,19.99,0
2536,19.99,0
2537,19.99,0
2538,19.99,0
2539,19.99,0
2540,19.99,0
2541,19.99,0
2542,19.99,0
2543,19.99,0
2544,19.99,0
2545,19.99,0
2546,19.99,0
2547,19.99,0
2548,19.99,0
2549,19.99,0
2550,19.99,0
2551,19.99,0
2552,19.99,0
2553,19.99,1
2554,19.99,0
2555,19.99,1
2556,19.99,0
2557,19.99,0
2558,19.99,0
2559,19.99,0
2560,19.99,0
2561,19.99,0
2562,19.99,0
2563,19.99,0
2564,19.99,0
2565,19.99,0
2566,19.99,0
2567,19.99,0
2568,19.99,0
2569,19.99,1
2570,19.99,0
2571,19.99,1
2572,19.99,0
2573,19.99,0
2574,19.99,0
2575,19.99,0
2576,19.99,1
2577,19.99,0
2578,19.99,0
2579,19.99,0
2580,19.99,0
2581,19.99,0
2582,19.99,0
2583,19.99,0
2584,19.99,0
2585,19.99,0
2586,19.99,0
2587,19.99,0
2588,19.99,0
2589,19.99,0
2590,19.99,0
2591,19.99,0
2592,19.99,0
2593,19.99,0
2594,19.99,0
2595,19.99,0
2596,19.99,0
2597,19.99,0
2598,19.99,0
2599,19.99,0
2600,19.99,0
2601,19.99,0
2602,19.99,0
2603,19.99,0
2604,19.99,0
2605,19.99,0
2606,19.99,0
2607,19.99,0
2608,19.99,0
2609,19.99,0
2610,19.99,0
2611,19.99,0
2612,19.99,0
2613,19.99,0
2614,19.99,0
2615,19.99,0
2616,19.99,0
2617,19.99,0
2618,19.99,0
2619,19.99,0
2620,19.99,0
2621,19.99,0
2622,19.99,0
2623,19.99,1
2624,19.99,0
2625,19.99,1
2626,19.99,0
2627,19.99,0
2628,19.99,0
2629,19.99,0
2630,19.99,0
2631,19.99,0
2632,19.99,0
2633,19.99,0
2634,19.99,0
2635,19.99,0
2636,19.99,1
2637,19.99,0
2638,19.99,1
2639,19.99,0
2640,19.99,0
2641,19.99,0
2642,19.99,0
2643,19.99,0
2644,19.99,0
2645,19.99,0
2646,19.99,1
2647,19.99,0
2648,19.99,0
2649,19.99,0
2650,19.99,0
2651,19.99,0
2652,19.99,0
2653,19.99,0
2654,19.99,0
2655,19.99,0
2656,19.99,0
2657,19.99,0
2658,19.99,0
2659,19.99,0
2660,19.99,0
2661,19.99,0
2662,19.99,0
2663,19.99,0
2664,19.99,0
2665,19.99,0
2666,19.99,0
2667,19.99,0
2668,19.99,0
2669,19.99,0
2670,19.99,0
2671,19.99,0
2672,19.99,0
2673,19.99,0
2674,19.99,0
2675,19.99,0
2676,19.99,0
2677,19.99,0
2678,19.99,0
2679,19.99,0
2680,19.99,0
2681,19.99,0
2682,19.99,0
2683,19.99,0
2684,19.99,0
2685,19.99,0
2686,19.99,0
2687,19.99,0
2688,19.99,0
2689,19.99,0
2690,19.99,0
2691,19.99,0
2692,19.99,0
2693,19.99,0
2694,19.99,1
2695,19.99,0
2696,19.99,0
2697,19.99,0
2698,19.99,0
2699,19.99,0
2700,19.99,0
2701,19.99,1
2702,19.99,0
2703,19.99,0
2704,19.99,0
2705,19.99,0
2706,19.99,0
2707,19.99,0
2708,19.99,0
2709,19.99,0
2710,19.99,0
2711,19.99,0
2712,19.99,0
2713,19.99,0
2714,19.99,0
2715,19.99,0
2716,19.99,0
2717,19.99,1
2718,19.99,0
2719,19.99,0
2720,19.99,0
2721,19.99,0
2722,19.99,0
2723,19.99,0
2724,19.99,0
2725,19.99,0
2726,19.99,0
2727,19.99,0
2728,19.99,0
2729,19.99,0
2730,19.99,0
2731,19.99,0
2732,19.99,0
2733,19.99,1
2734,19.99,1
2735,19.99,0
2736,19.99,1
2737,19.99,0
2738,19.99,1
2739,19.99,0
2740,19.99,0
2741,19.99,0
2742,19.99,0
2743,19.99,0
2744,19.99,0
2745,19.99,0
2746,19.99,0
2747,19.99,0
2748,19.99,0
2749,19.99,0
2750,19.99,0
2751,19.99,0
2752,19.99,0
2753,19.99,0
2754,19.99,1
2755,19.99,0
2756,19.99,0
2757,19.99,0
2758,19.99,0
2759,19.99,0
2760,19.99,0
2761,19.99,0
2762,19.99,0
2763,19.99,0
2764,19.99,0
2765,19.99,1
2766,19.99,0
2767,19.99,0
2768,19.99,0
2769,19.99,0
2770,19.99,0
2771,19.99,0
2772,19.99,0
2773,19.99,0
2774,19.99,0
2775,19.99,0
2776,19.99,0
2777,19.99,0
2778,19.99,0
2779,19.99,0
2780,19.99,0
2781,19.99,0
2782,19.99,1
2783,19.99,0
2784,19.99,0
2785,19.99,0
2786,19.99,1
2787,19.99,0
2788,19.99,1
2789,19.99,1
2790,19.99,0
2791,19.99,1
2792,19.99,0
2793,19.99,0
2794,19.99,0
2795,19.99,0
2796,19.99,0
2797,19.99,0
2798,19.99,1
2799,19.99,0
2800,19.99,0
2801,19.99,1
2802,19.99,1
2803,19.99,1
2804,19.99,0
2805,19.99,1
2806,19.99,0
2807,19.99,0
2808,19.99,0
2809,19.99,0
2810,19.99,0
2811,19.99,0
2812,19.99,0
2813,19.99,0
2814,19.99,0
2815,19.99,0
2816,19.99,0
2817,19.99,0
2818,19.99,0
2819,19.99,0
2820,19.99,1
2821,19.99,0
2822,19.99,0
2823,19.99,0
2824,19.99,0
2825,19.99,0
2826,19.99,0
2827,19.99,0
2828,19.99,0
2829,19.99,0
2830,19.99,0
2831,19.99,0
2832,19.99,0
2833,19.99,0
2834,19.99,0
2835,19.99,1
2836,19.99,1
2837,19.99,0
2838,19.99,0
2839,19.99,0
2840,19.99,0
2841,19.99,0
2842,19.99,1
2843,19.99,1
2844,19.99,0
2845,19.99,0
2846,19.99,0
2847,19.99,0
2848,19.99,0
2849,19.99,0
2850,19.99,0
2851,19.99,0
2852,19.99,0
2853,19.99,1
2854,19.99,0
2855,19.99,0
2856,19.99,0
2857,19.99,0
2858,19.99,0
2859,19.99,0
2860,19.99,0
2861,19.99,0
2862,19.99,1
2863,19.99,0
2864,19.99,0
2865,19.99,0
2866,19.99,0
2867,19.99,0
2868,19.99,0
2869,19.99,0
2870,19.99,0
2871,19.99,1
2872,19.99,0
2873,19.99,0
2874,19.99,0
2875,19.99,0
2876,19.99,0
2877,19.99,0
2878,19.99,0
2879,19.99,0
2880,19.99,0
2881,19.99,0
2882,19.99,0
2883,19.99,0
2884,19.99,0
2885,19.99,1
2886,19.99,0
2887,19.99,0
2888,19.99,0
2889,19.99,0
2890,19.99,0
2891,19.99,0
2892,19.99,0
2893,19.99,0
2894,19.99,0
2895,19.99,0
2896,19.99,0
2897,19.99,0
2898,19.99,0
2899,19.99,0
2900,19.99,0
2901,19.99,0
2902,19.99,0
2903,19.99,0
2904,19.99,0
2905,19.99,0
2906,19.99,1
2907,19.99,0
2908,19.99,0
2909,19.99,0
2910,19.99,0
2911,19.99,0
2912,19.99,0
2913,19.99,1
2914,19.99,0
2915,19.99,0
2916,19.99,0
2917,19.99,0
2918,19.99,0
2919,19.99,0
2920,19.99,0
2921,19.99,0
2922,19.99,0
2923,19.99,0
2924,19.99,0
2925,19.99,1
2926,19.99,0
2927,19.99,1
2928,19.99,0
2929,19.99,0
2930,19.99,0
2931,19.99,0
2932,19.99,0
2933,19.99,0
2934,19.99,0
2935,19.99,0
2936,19.99,0
2937,19.99,0
2938,19.99,1
2939,19.99,0
2940,19.99,0
2941,19.99,0
2942,19.99,0
2943,19.99,0
2944,19.99,0
2945,19.99,0
2946,19.99,0
2947,19.99,0
2948,19.99,0
2949,19.99,1
2950,19.99,0
2951,19.99,0
2952,19.99,0
2953,19.99,0
2954,19.99,1
2955,19.99,0
2956,19.99,0
2957,19.99,0
2958,19.99,0
2959,19.99,0
2960,19.99,0
2961,19.99,0
2962,19.99,0
2963,19.99,1
2964,19.99,0
2965,19.99,0
2966,19.99,0
2967,19.99,0
2968,19.99,1
2969,19.99,0
2970,19.99,0
2971,19.99,0
2972,19.99,0
2973,19.99,0
2974,19.99,0
2975,19.99,0
2976,19.99,0
2977,19.99,0
2978,19.99,0
2979,19.99,1
2980,19.99,0
2981,19.99,0
2982,19.99,0
2983,19.99,0
2984,19.99,0
2985,19.99,1
2986,19.99,0
2987,19.99,0
2988,19.99,0
2989,19.99,0
2990,19.99,0
2991,19.99,0
2992,19.99,0
2993,19.99,0
2994,19.99,0
2995,19.99,0
2996,19.99,0
2997,19.99,0
2998,19.99,0
2999,19.99,0
3000,19.99,0
3001,19.99,0
3002,19.99,0
3003,19.99,0
3004,19.99,0
3005,19.99,0
3006,19.99,1
3007,19.99,0
3008,19.99,0
3009,19.99,0
3010,19.99,0
3011,19.99,0
3012,19.99,0
3013,19.99,0
3014,19.99,0
3015,19.99,0
3016,19.99,0
3017,19.99,0
3018,19.99,0
3019,19.99,0
3020,19.99,0
3021,19.99,0
3022,19.99,0
3023,19.99,0
3024,19.99,0
3025,19.99,0
3026,19.99,1
3027,19.99,0
3028,19.99,0
3029,19.99,0
3030,19.99,0
3031,19.99,0
3032,19.99,0
3033,19.99,0
3034,19.99,0
3035,19.99,0
3036,19.99,0
3037,19.99,1
3038,19.99,0
3039,19.99,0
3040,19.99,0
3041,19.99,1
3042,19.99,0
3043,19.99,0
3044,19.99,0
3045,19.99,0
3046,19.99,0
3047,19.99,0
3048,19.99,0
3049,19.99,0
3050,19.99,0
3051,19.99,0
3052,19.99,0
3053,19.99,0
3054,19.99,0
3055,19.99,1
3056,19.99,0
3057,19.99,0
3058,19.99,0
3059,19.99,1
3060,19.99,0
3061,19.99,0
3062,19.99,0
3063,19.99,0
3064,19.99,0
3065,19.99,0
3066,19.99,0
3067,19.99,1
3068,19.99,0
3069,19.99,0
3070,19.99,0
3071,19.99,0
3072,19.99,0
3073,19.99,0
3074,19.99,0
3075,19.99,0
3076,19.99,1
3077,19.99,0
3078,19.99,0
3079,19.99,1
3080,19.99,0
3081,19.99,0
3082,19.99,0
3083,19.99,0
3084,19.99,0
3085,19.99,0
3086,19.99,0
3087,19.99,0
3088,19.99,0
3089,19.99,0
3090,19.99,0
3091,19.99,1
3092,19.99,0
3093,19.99,0
3094,19.99,0
3095,19.99,0
3096,19.99,1
3097,19.99,0
3098,19.99,0
3099,19.99,0
3100,19.99,0
3101,19.99,0
3102,19.99,1
3103,19.99,0
3104,19.99,0
3105,19.99,0
3106,19.99,0
3107,19.99,0
3108,19.99,0
3109,19.99,0
3110,19.99,0
3111,19.99,0
3112,19.99,0
3113,19.99,0
3114,19.99,0
3115,19.99,0
3116,19.99,0
3117,19.99,0
3118,19.99,0
3119,19.99,0
3120,19.99,0
3121,19.99,0
3122,19.99,0
3123,19.99,0
3124,19.99,0
3125,19.99,0
3126,19.99,0
3127,19.99,0
3128,19.99,1
3129,19.99,0
3130,19.99,0
3131,19.99,0
3132,19.99,1
3133,19.99,0
3134,19.99,0
3135,19.99,0
3136,19.99,0
3137,19.99,0
3138,19.99,0
3139,19.99,0
3140,19.99,0
3141,19.99,1
3142,19.99,0
3143,19.99,0
3144,19.99,0
3145,19.99,0
3146,19.99,0
3147,19.99,0
3148,19.99,0
3149,19.99,0
3150,19.99,0
3151,19.99,0
3152,19.99,0
3153,19.99,0
3154,19.99,0
3155,19.99,0
3156,19.99,1
3157,19.99,0
3158,19.99,0
3159,19.99,0
3160,19.99,0
3161,19.99,0
3162,19.99,0
3163,19.99,0
3164,19.99,0
3165,19.99,0
3166,19.99,1
3167,19.99,0
3168,19.99,0
3169,19.99,0
3170,19.99,0
3171,19.99,0
3172,19.99,0
3173,19.99,0
3174,19.99,0
3175,19.99,0
3176,19.99,0
3177,19.99,0
3178,19.99,0
3179,19.99,0
3180,19.99,0
3181,19.99,0
3182,19.99,0
3183,19.99,0
3184,19.99,0
3185,19.99,0
3186,19.99,0
3187,19.99,0
3188,19.99,0
3189,19.99,0
3190,19.99,0
3191,19.99,1
3192,19.99,1
3193,19.99,0
3194,19.99,0
3195,19.99,0
3196,19.99,1
3197,19.99,0
3198,19.99,0
3199,19.99,0
3200,19.99,0
3201,19.99,0
3202,19.99,0
3203,19.99,0
3204,19.99,0
3205,19.99,0
3206,19.99,0
3207,19.99,0
3208,19.99,0
3209,19.99,0
3210,19.99,0
3211,19.99,0
3212,19.99,0
3213,19.99,0
3214,19.99,0
3215,19.99,0
3216,19.99,0
3217,19.99,0
3218,19.99,0
3219,19.99,0
3220,19.99,0
3221,19.99,0
3222,19.99,0
3223,19.99,0
3224,19.99,0
3225,19.99,0
3226,19.99,0
3227,19.99,0
3228,19.99,0
3229,19.99,0
3230,19.99,0
3231,19.99,0
3232,19.99,0
3233,19.99,0
3234,19.99,0
3235,19.99,0
3236,19.99,0
3237,19.99,1
3238,19.99,0
3239,19.99,0
3240,19.99,0
3241,19.99,0
3242,19.99,0
3243,19.99,0
3244,19.99,0
3245,19.99,0
3246,19.99,0
3247,19.99,0
3248,19.99,0
3249,19.99,0
3250,19.99,0
3251,19.99,0
3252,19.99,0
3253,19.99,0
3254,19.99,0
3255,19.99,0
3256,19.99,0
3257,19.99,0
3258,19.99,0
3259,19.99,0
3260,19.99,0
3261,19.99,0
3262,19.99,0
3263,19.99,0
3264,19.99,0
3265,19.99,0
3266,19.99,0
3267,19.99,0
3268,19.99,0
3269,19.99,0
3270,19.99,0
3271,19.99,0
3272,19.99,0
3273,19.99,0
3274,19.99,0
3275,19.99,0
3276,19.99,0
3277,19.99,0
3278,19.99,0
3279,19.99,0
3280,19.99,0
3281,19.99,0
3282,19.99,0
3283,19.99,0
3284,19.99,0
3285,19.99,0
3286,19.99,0
3287,19.99,0
3288,19.99,1
3289,19.99,0
3290,19.99,0
3291,19.99,0
3292,19.99,0
3293,19.99,0
3294,19.99,1
3295,19.99,0
3296,19.99,0
3297,19.99,0
3298,19.99,0
3299,19.99,0
3300,19.99,0
3301,19.99,1
3302,19.99,0
3303,19.99,0
3304,19.99,0
3305,19.99,0
3306,19.99,0
3307,19.99,0
3308,19.99,0
3309,19.99,0
3310,19.99,0
3311,19.99,0
3312,19.99,0
3313,19.99,0
3314,19.99,0
3315,19.99,0
3316,19.99,0
3317,19.99,0
3318,19.99,0
3319,19.99,0
3320,19.99,0
3321,19.99,0
3322,19.99,0
3323,19.99,0
3324,19.99,0
3325,19.99,0
3326,19.99,0
3327,19.99,0
3328,19.99,0
3329,19.99,0
3330,19.99,0
3331,19.99,0
3332,19.99,0
3333,19.99,0
3334,19.99,0
3335,19.99,0
3336,19.99,1
3337,19.99,0
3338,19.99,0
3339,19.99,0
3340,19.99,0
3341,19.99,0
3342,19.99,0
3343,19.99,0
3344,19.99,0
3345,19.99,0
3346,19.99,0
3347,19.99,0
3348,19.99,0
3349,19.99,0
3350,19.99,0
3351,19.99,0
3352,19.99,1
3353,19.99,0
3354,19.99,0
3355,19.99,0
3356,19.99,0
3357,19.99,0
3358,19.99,0
3359,19.99,0
3360,19.99,0
3361,19.99,0
3362,19.99,0
3363,19.99,0
3364,19.99,1
3365,19.99,0
3366,19.99,0
3367,19.99,0
3368,19.99,0
3369,19.99,0
3370,19.99,0
3371,19.99,0
3372,19.99,0
3373,19.99,0
3374,19.99,0
3375,19.99,0
3376,19.99,0
3377,19.99,0
3378,19.99,0
3379,19.99,0
3380,19.99,0
3381,19.99,0
3382,19.99,0
3383,19.99,0
3384,19.99,0
3385,19.99,0
3386,19.99,0
3387,19.99,0
3388,19.99,0
3389,19.99,0
3390,19.99,0
3391,19.99,0
3392,19.99,0
3393,19.99,0
3394,19.99,1
3395,19.99,1
3396,19.99,0
3397,19.99,0
3398,19.99,0
3399,19.99,0
3400,19.99,0
3401,19.99,0
3402,19.99,1
3403,19.99,0
3404,19.99,0
3405,19.99,0
3406,19.99,0
3407,19.99,1
3408,19.99,0
3409,19.99,0
3410,19.99,0
3411,19.99,0
3412,19.99,0
3413,19.99,0
3414,19.99,0
3415,19.99,0
3416,19.99,0
3417,19.99,0
3418,19.99,0
3419,19.99,0
3420,19.99,0
3421,19.99,0
3422,19.99,0
3423,19.99,0
3424,19.99,0
3425,19.99,0
3426,19.99,0
3427,19.99,0
3428,19.99,0
3429,19.99,0
3430,19.99,0
3431,19.99,1
3432,19.99,0
3433,19.99,0
3434,19.99,0
3435,19.99,0
3436,19.99,0
3437,19.99,0
3438,19.99,1
3439,19.99,1
3440,19.99,0
3441,19.99,0
3442,19.99,0
3443,19.99,1
3444,19.99,1
3445,19.99,0
3446,19.99,0
3447,19.99,0
3448,19.99,0
3449,19.99,0
3450,19.99,0
3451,19.99,0
3452,19.99,0
3453,19.99,0
3454,19.99,1
3455,19.99,0
3456,19.99,0
3457,19.99,0
3458,19.99,0
3459,19.99,0
3460,19.99,0
3461,19.99,0
3462,19.99,0
3463,19.99,0
3464,19.99,0
3465,19.99,0
3466,19.99,0
3467,19.99,0
3468,19.99,0
3469,19.99,0
3470,19.99,0
3471,19.99,0
3472,19.99,0
3473,19.99,0
3474,19.99,0
3475,19.99,0
3476,19.99,1
3477,19.99,0
3478,19.99,0
3479,19.99,0
3480,19.99,0
3481,19.99,0
3482,19.99,0
3483,19.99,1
3484,19.99,0
3485,19.99,0
3486,19.99,0
3487,19.99,0
3488,19.99,0
3489,19.99,0
3490,19.99,0
3491,19.99,0
3492,19.99,0
3493,19.99,0
3494,19.99,0
3495,19.99,0
3496,19.99,0
3497,19.99,0
3498,19.99,0
3499,19.99,0
3500,19.99,0
3501,19.99,0
3502,19.99,1
3503,19.99,0
3504,19.99,0
3505,19.99,0
3506,19.99,1
3507,19.99,0
3508,19.99,0
3509,19.99,0
3510,19.99,0
3511,19.99,0
3512,19.99,1
3513,19.99,0
3514,19.99,0
3515,19.99,1
3516,19.99,0
3517,19.99,0
3518,19.99,0
3519,19.99,0
3520,19.99,0
3521,19.99,0
3522,19.99,0
3523,19.99,0
3524,19.99,0
3525,19.99,0
3526,19.99,1
3527,19.99,0
3528,19.99,1
3529,19.99,0
3530,19.99,0
3531,19.99,0
3532,19.99,0
3533,19.99,0
3534,19.99,0
3535,19.99,0
3536,19.99,0
3537,19.99,0
3538,19.99,0
3539,19.99,0
3540,19.99,0
3541,19.99,0
3542,19.99,0
3543,19.99,0
3544,19.99,0
3545,19.99,0
3546,19.99,0
3547,19.99,0
3548,19.99,0
3549,19.99,0
3550,19.99,0
3551,19.99,0
3552,19.99,0
3553,19.99,0
3554,19.99,0
3555,19.99,0
3556,19.99,0
3557,19.99,0
3558,19.99,0
3559,19.99,0
3560,19.99,0
3561,19.99,0
3562,19.99,0
3563,19.99,0
3564,19.99,0
3565,19.99,0
3566,19.99,0
3567,19.99,0
3568,19.99,0
3569,19.99,0
3570,19.99,0
3571,19.99,0
3572,19.99,0
3573,19.99,1
3574,19.99,0
3575,19.99,0
3576,19.99,0
3577,19.99,0
3578,19.99,0
3579,19.99,0
3580,19.99,0
3581,19.99,0
3582,19.99,0
3583,19.99,0
3584,19.99,0
3585,19.99,0
3586,19.99,0
3587,19.99,0
3588,19.99,0
3589,19.99,0
3590,19.99,1
3591,19.99,0
3592,19.99,0
3593,19.99,0
3594,19.99,0
3595,19.99,0
3596,19.99,0
3597,19.99,0
3598,19.99,0
3599,19.99,0
3600,19.99,0
3601,19.99,0
3602,19.99,0
3603,19.99,0
3604,19.99,0
3605,19.99,0
3606,19.99,0
3607,19.99,0
3608,19.99,1
3609,19.99,1
3610,19.99,0
3611,19.99,0
3612,19.99,0
3613,19.99,0
3614,19.99,0
3615,19.99,0
3616,19.99,0
3617,19.99,0
3618,19.99,0
3619,19.99,0
3620,19.99,0
3621,19.99,0
3622,19.99,0
3623,19.99,0
3624,19.99,0
3625,19.99,0
3626,19.99,0
3627,19.99,0
3628,19.99,0
3629,19.99,0
3630,19.99,0
3631,19.99,0
3632,19.99,0
3633,19.99,0
3634,19.99,0
3635,19.99,0
3636,19.99,1
3637,19.99,0
3638,19.99,0
3639,19.99,0
3640,19.99,0
3641,19.99,1
3642,19.99,0
3643,19.99,0
3644,19.99,0
3645,19.99,0
3646,19.99,0
3647,19.99,0
3648,19.99,0
3649,19.99,1
3650,19.99,0
3651,19.99,0
3652,19.99,0
3653,19.99,0
3654,19.99,0
3655,19.99,0
3656,19.99,0
3657,19.99,0
3658,19.99,0
3659,19.99,1
3660,19.99,0
3661,19.99,0
3662,19.99,0
3663,19.99,0
3664,19.99,0
3665,19.99,0
3666,19.99,0
3667,19.99,0
3668,19.99,0
3669,19.99,0
3670,19.99,0
3671,19.99,0
3672,19.99,0
3673,19.99,0
3674,19.99,0
3675,19.99,0
3676,19.99,0
3677,19.99,0
3678,19.99,0
3679,19.99,0
3680,19.99,0
3681,19.99,0
3682,19.99,0
3683,19.99,0
3684,19.99,0
3685,19.99,0
3686,19.99,1
3687,19.99,0
3688,19.99,0
3689,19.99,0
3690,19.99,0
3691,19.99,0
3692,19.99,0
3693,19.99,0
3694,19.99,0
3695,19.99,0
3696,19.99,1
3697,19.99,0
3698,19.99,1
3699,19.99,0
3700,19.99,0
3701,19.99,0
3702,19.99,0
3703,19.99,0
3704,19.99,1
3705,19.99,0
3706,19.99,0
3707,19.99,0
3708,19.99,0
3709,19.99,1
3710,19.99,0
3711,19.99,0
3712,19.99,0
3713,19.99,0
3714,19.99,1
3715,19.99,0
3716,19.99,0
3717,19.99,0
3718,19.99,0
3719,19.99,0
3720,19.99,0
3721,19.99,0
3722,19.99,1
3723,19.99,0
3724,19.99,0
3725,19.99,1
3726,19.99,0
3727,19.99,0
3728,19.99,0
3729,19.99,0
3730,19.99,0
3731,19.99,1
3732,19.99,0
3733,19.99,0
3734,19.99,0
3735,19.99,0
3736,19.99,0
3737,19.99,0
3738,19.99,0
3739,19.99,0
3740,19.99,1
3741,19.99,0
3742,19.99,0
3743,19.99,0
3744,19.99,0
3745,19.99,0
3746,19.99,0
3747,19.99,0
3748,19.99,0
3749,19.99,0
3750,19.99,0
3751,19.99,1
3752,19.99,0
3753,19.99,0
3754,19.99,0
3755,19.99,0
3756,19.99,0
3757,19.99,0
3758,19.99,0
3759,19.99,0
3760,19.99,0
3761,19.99,0
3762,19.99,0
3763,19.99,0
3764,19.99,0
3765,19.99,0
3766,19.99,0
3767,19.99,0
3768,19.99,0
3769,19.99,0
3770,19.99,0
3771,19.99,1
3772,19.99,0
3773,19.99,0
3774,19.99,0
3775,19.99,1
3776,19.99,0
3777,19.99,0
3778,19.99,0
3779,19.99,0
3780,19.99,0
3781,19.99,0
3782,19.99,0
3783,19.99,0
3784,19.99,0
3785,19.99,0
3786,19.99,0
3787,19.99,0
3788,19.99,0
3789,19.99,1
3790,19.99,0
3791,19.99,0
3792,19.99,0
3793,19.99,0
3794,19.99,0
3795,19.99,0
3796,19.99,0
3797,19.99,0
3798,19.99,0
3799,19.99,0
3800,19.99,0
3801,19.99,1
3802,19.99,0
3803,19.99,1
3804,19.99,0
3805,19.99,1
3806,19.99,0
3807,19.99,0
3808,19.99,0
3809,19.99,0
3810,19.99,0
3811,19.99,0
3812,19.99,0
3813,19.99,0
3814,19.99,0
3815,19.99,0
3816,19.99,0
3817,19.99,0
3818,19.99,0
3819,19.99,0
3820,19.99,0
3821,19.99,0
3822,19.99,0
3823,19.99,0
3824,19.99,0
3825,19.99,0
3826,19.99,0
3827,19.99,0
3828,19.99,0
3829,19.99,0
3830,19.99,0
3831,19.99,0
3832,19.99,0
3833,19.99,0
3834,19.99,0
3835,19.99,0
3836,19.99,1
3837,19.99,0
3838,19.99,1
3839,19.99,0
3840,19.99,0
3841,19.99,0
3842,19.99,0
3843,19.99,0
3844,19.99,0
3845,19.99,0
3846,19.99,1
3847,19.99,0
3848,19.99,0
3849,19.99,0
3850,19.99,0
3851,19.99,0
3852,19.99,0
3853,19.99,1
3854,19.99,0
3855,19.99,0
3856,19.99,0
3857,19.99,0
3858,19.99,0
3859,19.99,0
3860,19.99,0
3861,19.99,0
3862,19.99,0
3863,19.99,0
3864,19.99,0
3865,19.99,0
3866,19.99,0
3867,19.99,0
3868,19.99,0
3869,19.99,0
3870,19.99,0
3871,19.99,0
3872,19.99,0
3873,19.99,0
3874,19.99,0
3875,19.99,0
3876,19.99,0
3877,19.99,0
3878,19.99,0
3879,19.99,0
3880,19.99,0
3881,19.99,0
3882,19.99,1
3883,19.99,0
3884,19.99,0
3885,19.99,1
3886,19.99,1
3887,19.99,0
3888,19.99,0
3889,19.99,0
3890,19.99,0
3891,19.99,0
3892,19.99,0
3893,19.99,0
3894,19.99,0
3895,19.99,0
3896,19.99,0
3897,19.99,0
3898,19.99,0
3899,19.99,0
3900,19.99,0
3901,19.99,0
3902,19.99,1
3903,19.99,0
3904,19.99,0
3905,19.99,0
3906,19.99,0
3907,19.99,0
3908,19.99,0
3909,19.99,0
3910,19.99,0
3911,19.99,0
3912,19.99,0
3913,19.99,1
3914,19.99,1
3915,19.99,0
3916,19.99,0
3917,19.99,0
3918,19.99,0
3919,19.99,0
3920,19.99,1
3921,19.99,0
3922,19.99,0
3923,19.99,0
3924,19.99,1
3925,19.99,0
3926,19.99,0
3927,19.99,0
3928,19.99,0
3929,19.99,0
3930,19.99,1
3931,19.99,0
3932,19.99,0
3933,19.99,0
3934,19.99,0
3935,19.99,0
3936,19.99,0
3937,19.99,0
3938,19.99,0
3939,19.99,0
3940,19.99,0
3941,19.99,0
3942,19.99,0
3943,19.99,0
3944,19.99,0
3945,19.99,0
3946,19.99,0
3947,19.99,0
3948,19.99,0
3949,19.99,0
3950,19.99,0
3951,19.99,0
3952,19.99,1
3953,19.99,0
3954,19.99,0
3955,19.99,0
3956,19.99,1
3957,19.99,0
3958,19.99,0
3959,19.99,0
3960,19.99,0
3961,19.99,0
3962,19.99,0
3963,19.99,0
3964,19.99,0
3965,19.99,0
3966,19.99,0
3967,19.99,0
3968,19.99,0
3969,19.99,0
3970,19.99,1
3971,19.99,0
3972,19.99,0
3973,19.99,0
3974,19.99,0
3975,19.99,1
3976,19.99,0
3977,19.99,0
3978,19.99,0
3979,19.99,0
3980,19.99,0
3981,19.99,0
3982,19.99,0
3983,19.99,0
3984,19.99,0
3985,19.99,1
3986,19.99,0
3987,19.99,0
3988,19.99,0
3989,19.99,0
3990,19.99,0
3991,19.99,0
3992,19.99,0
3993,19.99,0
3994,19.99,0
3995,19.99,0
3996,19.99,0
3997,19.99,0
3998,19.99,0
3999,19.99,0
4000,19.99,0
4001,19.99,0
4002,19.99,0
4003,19.99,0
4004,19.99,0
4005,19.99,0
4006,19.99,0
4007,19.99,0
4008,19.99,0
4009,19.99,0
4010,19.99,0
4011,19.99,0
4012,19.99,0
4013,19.99,0
4014,19.99,0
4015,19.99,0
4016,19.99,0
4017,19.99,0
4018,19.99,0
4019,19.99,0
4020,19.99,0
4021,19.99,0
4022,19.99,0
4023,19.99,0
4024,19.99,0
4025,19.99,0
4026,19.99,0
4027,19.99,0
4028,19.99,0
4029,19.99,0
4030,19.99,0
4031,19.99,0
4032,19.99,0
4033,19.99,1
4034,19.99,0
4035,19.99,1
4036,19.99,1
4037,19.99,0
4038,19.99,0
4039,19.99,0
4040,19.99,0
4041,19.99,0
4042,19.99,0
4043,19.99,0
4044,19.99,0
4045,19.99,0
4046,19.99,0
4047,19.99,0
4048,19.99,0
4049,19.99,0
4050,19.99,1
4051,19.99,0
4052,19.99,0
4053,19.99,0
4054,19.99,0
4055,19.99,0
4056,19.99,0
4057,19.99,0
4058,19.99,0
4059,19.99,1
4060,19.99,0
4061,19.99,0
4062,19.99,0
4063,19.99,0
4064,19.99,0
4065,19.99,0
4066,19.99,0
4067,19.99,1
4068,19.99,0
4069,19.99,0
4070,19.99,0
4071,19.99,0
4072,19.99,0
4073,19.99,0
4074,19.99,0
4075,19.99,0
4076,19.99,0
4077,19.99,0
4078,19.99,0
4079,19.99,0
4080,19.99,0
4081,19.99,0
4082,19.99,0
4083,19.99,0
4084,19.99,0
4085,19.99,0
4086,19.99,0
4087,19.99,0
4088,19.99,0
4089,19.99,0
4090,19.99,0
4091,19.99,0
4092,19.99,0
4093,19.99,1
4094,19.99,0
4095,19.99,0
4096,19.99,0
4097,19.99,0
4098,19.99,0
4099,19.99,0
4100,19.99,0
4101,19.99,0
4102,19.99,0
4103,19.99,0
4104,19.99,0
4105,19.99,0
4106,19.99,1
4107,19.99,0
4108,19.99,0
4109,19.99,0
4110,19.99,0
4111,19.99,0
4112,19.99,0
4113,19.99,0
4114,19.99,0
4115,19.99,0
4116,19.99,1
4117,19.99,0
4118,19.99,0
4119,19.99,0
4120,19.99,0
4121,19.99,0
4122,19.99,0
4123,19.99,1
4124,19.99,0
4125,19.99,0
4126,19.99,0
4127,19.99,1
4128,19.99,0
4129,19.99,0
4130,19.99,0
4131,19.99,0
4132,19.99,0
4133,19.99,0
4134,19.99,0
4135,19.99,0
4136,19.99,0
4137,19.99,0
4138,19.99,0
4139,19.99,0
4140,19.99,0
4141,19.99,0
4142,19.99,0
4143,19.99,0
4144,19.99,1
4145,19.99,0
4146,19.99,0
4147,19.99,0
4148,19.99,0
4149,19.99,0
4150,19.99,0
4151,19.99,0
4152,19.99,0
4153,19.99,0
4154,19.99,0
4155,19.99,0
4156,19.99,0
4157,19.99,0
4158,19.99,1
4159,19.99,0
4160,19.99,0
4161,19.99,0
4162,19.99,0
4163,19.99,0
4164,19.99,0
4165,19.99,0
4166,19.99,0
4167,19.99,0
4168,19.99,0
4169,19.99,0
4170,19.99,0
4171,19.99,1
4172,19.99,0
4173,19.99,0
4174,19.99,0
4175,19.99,1
4176,19.99,0
4177,19.99,0
4178,19.99,0
4179,19.99,0
4180,19.99,0
4181,19.99,0
4182,19.99,0
4183,19.99,0
4184,19.99,0
4185,19.99,0
4186,19.99,0
4187,19.99,0
4188,19.99,0
4189,19.99,0
4190,19.99,0
4191,19.99,0
4192,19.99,0
4193,19.99,0
4194,19.99,0
4195,19.99,0
4196,19.99,0
4197,19.99,0
4198,19.99,0
4199,19.99,0
4200,19.99,0
4201,19.99,0
4202,19.99,0
4203,19.99,1
4204,19.99,0
4205,19.99,0
4206,19.99,0
4207,19.99,0
4208,19.99,0
4209,19.99,0
4210,19.99,0
4211,19.99,0
4212,19.99,0
4213,19.99,0
4214,19.99,0
4215,19.99,0
4216,19.99,0
4217,19.99,0
4218,19.99,0
4219,19.99,0
4220,19.99,0
4221,19.99,0
4222,19.99,0
4223,19.99,0
4224,19.99,0
4225,19.99,0
4226,19.99,0
4227,19.99,0
4228,19.99,0
4229,19.99,0
4230,19.99,0
4231,19.99,0
4232,19.99,0
4233,19.99,1
4234,19.99,0
4235,19.99,0
4236,19.99,0
4237,19.99,0
4238,19.99,0
4239,19.99,0
4240,19.99,0
4241,19.99,0
4242,19.99,0
4243,19.99,0
4244,19.99,0
4245,19.99,1
4246,19.99,0
4247,19.99,0
4248,19.99,0
4249,19.99,1
4250,19.99,0
4251,19.99,0
4252,19.99,0
4253,19.99,0
4254,19.99,0
4255,19.99,0
4256,19.99,1
4257,19.99,0
4258,19.99,0
4259,19.99,0
4260,19.99,0
4261,19.99,0
4262,19.99,0
4263,19.99,0
4264,19.99,0
4265,19.99,0
4266,19.99,0
4267,19.99,0
4268,19.99,0
4269,19.99,1
4270,19.99,0
4271,19.99,1
4272,19.99,0
4273,19.99,0
4274,19.99,0
4275,19.99,0
4276,19.99,0
4277,19.99,0
4278,19.99,0
4279,19.99,0
4280,19.99,0
4281,19.99,0
4282,19.99,0
4283,19.99,0
4284,19.99,0
4285,19.99,0
4286,19.99,0
4287,19.99,0
4288,19.99,0
4289,19.99,0
4290,19.99,0
4291,19.99,0
4292,19.99,0
4293,19.99,1
4294,19.99,0
4295,19.99,0
4296,19.99,0
4297,19.99,0
4298,19.99,0
4299,19.99,0
4300,19.99,0
4301,19.99,1
4302,19.99,0
4303,19.99,0
4304,19.99,0
4305,19.99,0
4306,19.99,0
4307,19.99,0
4308,19.99,0
4309,19.99,0
4310,19.99,0
4311,19.99,1
4312,19.99,0
4313,19.99,0
4314,19.99,1
4315,19.99,0
4316,19.99,0
4317,19.99,0
4318,19.99,0
4319,19.99,0
4320,19.99,0
4321,19.99,1
4322,19.99,0
4323,19.99,0
4324,19.99,0
4325,19.99,1
4326,19.99,0
4327,19.99,1
4328,19.99,0
4329,19.99,0
4330,19.99,0
4331,19.99,0
4332,19.99,0
4333,19.99,0
4334,19.99,0
4335,19.99,0
4336,19.99,0
4337,19.99,1
4338,19.99,0
4339,19.99,0
4340,19.99,0
4341,19.99,0
4342,19.99,0
4343,19.99,0
4344,19.99,0
4345,19.99,0
4346,19.99,0
4347,19.99,0
4348,19.99,0
4349,19.99,0
4350,19.99,0
4351,19.99,0
4352,19.99,0
4353,19.99,1
4354,19.99,0
4355,19.99,0
4356,19.99,0
4357,19.99,0
4358,19.99,0
4359,19.99,0
4360,19.99,0
4361,19.99,0
4362,19.99,0
4363,19.99,0
4364,19.99,0
4365,19.99,0
4366,19.99,0
4367,19.99,0
4368,19.99,0
4369,19.99,0
4370,19.99,0
4371,19.99,0
4372,19.99,0
4373,19.99,0
4374,19.99,0
4375,19.99,0
4376,19.99,0
4377,19.99,0
4378,19.99,0
4379,19.99,0
4380,19.99,0
4381,19.99,0
4382,19.99,0
4383,19.99,0
4384,19.99,0
4385,19.99,0
4386,19.99,1
4387,19.99,0
4388,19.99,0
4389,19.99,0
4390,19.99,0
4391,19.99,0
4392,19.99,0
4393,19.99,0
4394,19.99,1
4395,19.99,0
4396,19.99,0
4397,19.99,0
4398,19.99,0
4399,19.99,0
4400,19.99,0
4401,19.99,0
4402,19.99,0
4403,19.99,0
4404,19.99,1
4405,19.99,0
4406,19.99,1
4407,19.99,0
4408,19.99,0
4409,19.99,0
4410,19.99,0
4411,19.99,0
4412,19.99,0
4413,19.99,0
4414,19.99,0
4415,19.99,0
4416,19.99,0
4417,19.99,0
4418,19.99,0
4419,19.99,0
4420,19.99,0
4421,19.99,1
4422,19.99,0
4423,19.99,0
4424,19.99,0
4425,19.99,0
4426,19.99,0
4427,19.99,0
4428,19.99,0
4429,19.99,0
4430,19.99,0
4431,19.99,0
4432,19.99,0
4433,19.99,1
4434,19.99,0
4435,19.99,0
4436,19.99,0
4437,19.99,0
4438,19.99,1
4439,19.99,0
4440,19.99,0
4441,19.99,0
4442,19.99,0
4443,19.99,0
4444,19.99,0
4445,19.99,1
4446,19.99,0
4447,19.99,0
4448,19.99,0
4449,19.99,0
4450,19.99,0
4451,19.99,0
4452,19.99,0
4453,19.99,0
4454,19.99,0
4455,19.99,0
4456,19.99,0
4457,19.99,0
4458,19.99,0
4459,19.99,0
4460,19.99,0
4461,19.99,0
4462,19.99,1
4463,19.99,0
4464,19.99,0
4465,19.99,0
4466,19.99,0
4467,19.99,0
4468,19.99,1
4469,19.99,0
4470,19.99,1
4471,19.99,1
4472,19.99,0
4473,19.99,0
4474,19.99,0
4475,19.99,0
4476,19.99,0
4477,19.99,0
4478,19.99,0
4479,19.99,0
4480,19.99,0
4481,19.99,0
4482,19.99,0
4483,19.99,0
4484,19.99,0
4485,19.99,0
4486,19.99,0
4487,19.99,0
4488,19.99,0
4489,19.99,0
4490,19.99,0
4491,19.99,0
4492,19.99,0
4493,19.99,0
4494,19.99,0
4495,19.99,0
4496,19.99,0
4497,19.99,0
4498,19.99,0
4499,19.99,0
4500,19.99,0
4501,19.99,0
4502,19.99,0
4503,19.99,0
4504,19.99,0
4505,19.99,0
4506,19.99,0
4507,19.99,0
4508,19.99,0
4509,19.99,1
4510,19.99,0
4511,19.99,0
4512,19.99,0
4513,19.99,0
4514,19.99,0
4515,19.99,0
4516,19.99,0
4517,19.99,0
4518,19.99,0
4519,19.99,0
4520,19.99,0
4521,19.99,0
4522,19.99,0
4523,19.99,0
4524,19.99,0
4525,19.99,0
4526,19.99,0
4527,19.99,1
4528,19.99,0
4529,19.99,0
4530,19.99,0
4531,19.99,0
4532,19.99,0
4533,19.99,0
4534,19.99,0
4535,19.99,0
4536,19.99,0
4537,19.99,0
4538,19.99,0
4539,19.99,0
4540,19.99,0
4541,19.99,0
4542,19.99,0
4543,19.99,0
4544,19.99,0
4545,19.99,0
4546,19.99,0
4547,19.99,0
4548,19.99,0
4549,19.99,0
4550,19.99,1
4551,19.99,0
4552,19.99,0
4553,19.99,0
4554,19.99,0
4555,19.99,0
4556,19.99,0
4557,19.99,0
4558,19.99,1
4559,19.99,1
4560,19.99,0
4561,19.99,0
4562,19.99,0
4563,19.99,0
4564,19.99,0
4565,19.99,0
4566,19.99,0
4567,19.99,0
4568,19.99,0
4569,19.99,0
4570,19.99,0
4571,19.99,0
4572,19.99,0
4573,19.99,0
4574,19.99,0
4575,19.99,0
4576,19.99,0
4577,19.99,0
4578,19.99,1
4579,19.99,0
4580,19.99,1
4581,19.99,0
4582,19.99,0
4583,19.99,0
4584,19.99,0
4585,19.99,1
4586,19.99,0
4587,19.99,0
4588,19.99,0
4589,19.99,0
4590,19.99,0
4591,19.99,0
4592,19.99,0
4593,19.99,0
4594,19.99,0
4595,19.99,0
4596,19.99,0
4597,19.99,0
4598,19.99,0
4599,19.99,0
4600,19.99,0
4601,19.99,0
4602,19.99,1
4603,19.99,0
4604,19.99,0
4605,19.99,0
4606,19.99,0
4607,19.99,0
4608,19.99,1
4609,19.99,0
4610,19.99,0
4611,19.99,0
4612,19.99,0
4613,19.99,0
4614,19.99,0
4615,19.99,0
4616,19.99,0
4617,19.99,0
4618,19.99,0
4619,19.99,0
4620,19.99,0
4621,19.99,0
4622,19.99,0
4623,19.99,0
4624,19.99,1
4625,19.99,0
4626,19.99,0
4627,19.99,0
4628,19.99,0
4629,19.99,0
4630,19.99,0
4631,19.99,0
4632,19.99,0
4633,19.99,0
4634,19.99,0
4635,19.99,1
4636,19.99,0
4637,19.99,0
4638,19.99,0
4639,19.99,0
4640,19.99,1
4641,19.99,0
4642,19.99,0
4643,19.99,0
4644,19.99,0
4645,19.99,0
4646,19.99,0
4647,19.99,0
4648,19.99,0
4649,19.99,0
4650,19.99,0
4651,19.99,0
4652,19.99,0
4653,19.99,0
4654,19.99,0
4655,19.99,0
4656,19.99,0
4657,19.99,0
4658,19.99,0
4659,19.99,0
4660,19.99,0
4661,19.99,0
4662,19.99,0
4663,19.99,0
4664,19.99,0
4665,19.99,0
4666,19.99,0
4667,19.99,0
4668,19.99,0
4669,19.99,0
4670,19.99,0
4671,19.99,0
4672,19.99,0
4673,19.99,0
4674,19.99,0
4675,19.99,0
4676,19.99,0
4677,19.99,1
4678,19.99,0
4679,19.99,0
4680,19.99,0
4681,19.99,0
4682,19.99,1
4683,19.99,0
4684,19.99,0
4685,19.99,0
4686,19.99,0
4687,19.99,0
4688,19.99,0
4689,19.99,1
4690,19.99,0
4691,19.99,0
4692,19.99,0
4693,19.99,0
4694,19.99,0
4695,19.99,0
4696,19.99,0
4697,19.99,0
4698,19.99,0
4699,19.99,1
4700,19.99,0
4701,19.99,0
4702,19.99,0
4703,19.99,0
4704,19.99,0
4705,19.99,0
4706,19.99,0
4707,19.99,0
4708,19.99,0
4709,19.99,0
4710,19.99,0
4711,19.99,0
4712,19.99,0
4713,19.99,0
4714,19.99,0
4715,19.99,0
4716,19.99,0
4717,19.99,1
4718,19.99,0
4719,19.99,1
4720,19.99,0
4721,19.99,0
4722,19.99,0
4723,19.99,0
4724,19.99,0
4725,19.99,0
4726,19.99,1
4727,19.99,0
4728,19.99,0
4729,19.99,0
4730,19.99,0
4731,19.99,0
4732,19.99,0
4733,19.99,1
4734,19.99,0
4735,19.99,0
4736,19.99,0
4737,19.99,0
4738,19.99,0
4739,19.99,0
4740,19.99,0
4741,19.99,0
4742,19.99,0
4743,19.99,1
4744,19.99,0
4745,19.99,0
4746,19.99,0
4747,19.99,0
4748,19.99,0
4749,19.99,0
4750,19.99,0
4751,19.99,0
4752,19.99,0
4753,19.99,0
4754,19.99,0
4755,19.99,0
4756,19.99,0
4757,19.99,0
4758,19.99,0
4759,19.99,1
4760,19.99,0
4761,19.99,1
4762,19.99,0
4763,19.99,0
4764,19.99,0
4765,19.99,1
4766,19.99,0
4767,19.99,0
4768,19.99,0
4769,19.99,0
4770,19.99,0
4771,19.99,0
4772,19.99,0
4773,19.99,0
4774,19.99,0
4775,19.99,0
4776,19.99,0
4777,19.99,0
4778,19.99,0
4779,19.99,0
4780,19.99,0
4781,19.99,0
4782,19.99,0
4783,19.99,0
4784,19.99,0
4785,19.99,0
4786,19.99,0
4787,19.99,1
4788,19.99,0
4789,19.99,0
4790,19.99,0
4791,19.99,1
4792,19.99,0
4793,19.99,0
4794,19.99,0
4795,19.99,0
4796,19.99,0
4797,19.99,0
4798,19.99,0
4799,19.99,0
4800,19.99,0
4801,19.99,0
4802,19.99,1
4803,19.99,0
4804,19.99,0
4805,19.99,0
4806,19.99,0
4807,19.99,1
4808,19.99,0
4809,19.99,0
4810,19.99,0
4811,19.99,0
4812,19.99,0
4813,19.99,0
4814,19.99,0
4815,19.99,1
4816,19.99,1
4817,19.99,0
4818,19.99,0
4819,19.99,0
4820,19.99,0
4821,19.99,0
4822,19.99,0
4823,19.99,0
4824,19.99,0
4825,19.99,0
4826,19.99,0
4827,19.99,0
4828,19.99,0
4829,19.99,0
4830,19.99,0
4831,19.99,0
4832,19.99,0
4833,19.99,0
4834,19.99,0
4835,19.99,0
4836,19.99,0
4837,19.99,0
4838,19.99,0
4839,19.99,0
4840,19.99,1
4841,19.99,1
4842,19.99,0
4843,19.99,0
4844,19.99,0
4845,19.99,0
4846,19.99,1
4847,19.99,0
4848,19.99,0
4849,19.99,0
4850,19.99,1
4851,19.99,0
4852,19.99,0
4853,19.99,0
4854,19.99,0
4855,19.99,0
4856,19.99,0
4857,19.99,1
4858,19.99,1
4859,19.99,0
4860,19.99,0
4861,19.99,0
4862,19.99,0
4863,19.99,0
4864,19.99,0
4865,19.99,0
4866,19.99,0
4867,19.99,0
4868,19.99,0
4869,19.99,0
4870,19.99,0
4871,19.99,0
4872,19.99,0
4873,19.99,0
4874,19.99,0
4875,19.99,0
4876,19.99,0
4877,19.99,0
4878,19.99,0
4879,19.99,0
4880,19.99,0
4881,19.99,0
4882,19.99,0
4883,19.99,0
4884,19.99,0
4885,19.99,0
4886,19.99,0
4887,19.99,0
4888,19.99,0
4889,19.99,0
4890,19.99,0
4891,19.99,0
4892,19.99,0
4893,19.99,0
4894,19.99,0
4895,19.99,0
4896,19.99,0
4897,19.99,0
4898,19.99,0
4899,19.99,1
4900,19.99,0
4901,19.99,0
4902,19.99,0
4903,19.99,0
4904,19.99,1
4905,19.99,0
4906,19.99,1
4907,19.99,0
4908,19.99,0
4909,19.99,0
4910,19.99,0
4911,19.99,0
4912,19.99,0
4913,19.99,0
4914,19.99,0
4915,19.99,1
4916,19.99,0
4917,19.99,0
4918,19.99,0
4919,19.99,0
4920,19.99,1
4921,19.99,0
4922,19.99,0
4923,19.99,0
4924,19.99,0
4925,19.99,0
4926,19.99,0
4927,19.99,0
4928,19.99,0
4929,19.99,1
4930,19.99,0
4931,19.99,0
4932,19.99,1
4933,19.99,0
4934,19.99,0
4935,19.99,0
4936,19.99,1
4937,19.99,0
4938,19.99,0
4939,19.99,0
4940,19.99,0
4941,19.99,0
4942,19.99,0
4943,19.99,0
4944,19.99,0
4945,19.99,1
4946,19.99,0
4947,19.99,0
4948,19.99,0
4949,19.99,0
4950,19.99,0
4951,19.99,0
4952,19.99,0
4953,19.99,0
4954,19.99,0
4955,19.99,0
4956,19.99,0
4957,19.99,0
4958,19.99,0
4959,19.99,0
4960,19.99,0
4961,19.99,0
4962,19.99,0
4963,19.99,0
4964,19.99,0
4965,19.99,0
4966,19.99,1
4967,19.99,0
4968,19.99,1
4969,19.99,0
4970,19.99,0
4971,19.99,0
4972,19.99,0
4973,19.99,0
4974,19.99,0
4975,19.99,0
4976,19.99,0
4977,19.99,0
4978,19.99,0
4979,19.99,0
4980,19.99,1
4981,19.99,0
4982,19.99,0
4983,19.99,0
4984,19.99,0
4985,19.99,0
4986,19.99,0
4987,19.99,0
4988,19.99,0
4989,19.99,0
4990,19.99,1
4991,19.99,0
4992,19.99,0
4993,19.99,0
4994,19.99,0
4995,19.99,0
4996,19.99,0
4997,19.99,0
4998,19.99,0
4999,19.99,0
5000,24.99,0
5001,24.99,0
5002,24.99,0
5003,24.99,0
5004,24.99,0
5005,24.99,0
5006,24.99,0
5007,24.99,0
5008,24.99,0
5009,24.99,0
5010,24.99,0
5011,24.99,0
5012,24.99,0
5013,24.99,0
5014,24.99,0
5015,24.99,0
5016,24.99,0
5017,24.99,0
5018,24.99,0
5019,24.99,0
5020,24.99,0
5021,24.99,0
5022,24.99,1
5023,24.99,0
5024,24.99,1
5025,24.99,0
5026,24.99,0
5027,24.99,0
5028,24.99,0
5029,24.99,0
5030,24.99,0
5031,24.99,0
5032,24.99,0
5033,24.99,0
5034,24.99,0
5035,24.99,0
5036,24.99,0
5037,24.99,1
5038,24.99,0
5039,24.99,1
5040,24.99,0
5041,24.99,0
5042,24.99,0
5043,24.99,0
5044,24.99,0
5045,24.99,0
5046,24.99,0
5047,24.99,0
5048,24.99,0
5049,24.99,0
5050,24.99,0
5051,24.99,0
5052,24.99,0
5053,24.99,0
5054,24.99,0
5055,24.99,0
5056,24.99,0
5057,24.99,0
5058,24.99,0
5059,24.99,0
5060,24.99,1
5061,24.99,1
5062,24.99,0
5063,24.99,0
5064,24.99,0
5065,24.99,0
5066,24.99,0
5067,24.99,0
5068,24.99,1
5069,24.99,0
5070,24.99,0
5071,24.99,0
5072,24.99,0
5073,24.99,0
5074,24.99,1
5075,24.99,0
5076,24.99,0
5077,24.99,0
5078,24.99,0
5079,24.99,0
5080,24.99,0
5081,24.99,0
5082,24.99,0
5083,24.99,0
5084,24.99,0
5085,24.99,0
5086,24.99,0
5087,24.99,0
5088,24.99,0
5089,24.99,0
5090,24.99,0
5091,24.99,0
5092,24.99,0
5093,24.99,0
5094,24.99,0
5095,24.99,0
5096,24.99,0
5097,24.99,0
5098,24.99,0
5099,24.99,0
5100,24.99,0
5101,24.99,0
5102,24.99,0
5103,24.99,0
5104,24.99,0
5105,24.99,0
5106,24.99,0
5107,24.99,0
5108,24.99,0
5109,24.99,1
5110,24.99,1
5111,24.99,0
5112,24.99,0
5113,24.99,0
5114,24.99,0
5115,24.99,0
5116,24.99,0
5117,24.99,0
5118,24.99,0
5119,24.99,0
5120,24.99,0
5121,24.99,1
5122,24.99,0
5123,24.99,0
5124,24.99,1
5125,24.99,0
5126,24.99,0
5127,24.99,0
5128,24.99,0
5129,24.99,0
5130,24.99,0
5131,24.99,0
5132,24.99,0
5133,24.99,0
5134,24.99,1
5135,24.99,0
5136,24.99,0
5137,24.99,0
5138,24.99,0
5139,24.99,1
5140,24.99,0
5141,24.99,0
5142,24.99,0
5143,24.99,0
5144,24.99,0
5145,24.99,0
5146,24.99,0
5147,24.99,0
5148,24.99,0
5149,24.99,0
5150,24.99,0
5151,24.99,0
5152,24.99,0
5153,24.99,0
5154,24.99,0
5155,24.99,0
5156,24.99,0
5157,24.99,0
5158,24.99,0
5159,24.99,0
5160,24.99,0
5161,24.99,0
5162,24.99,0
5163,24.99,0
5164,24.99,0
5165,24.99,1
5166,24.99,0
5167,24.99,0
5168,24.99,0
5169,24.99,0
5170,24.99,0
5171,24.99,0
5172,24.99,0
5173,24.99,0
5174,24.99,0
5175,24.99,0
5176,24.99,0
5177,24.99,0
5178,24.99,0
5179,24.99,1
5180,24.99,0
5181,24.99,0
5182,24.99,0
5183,24.99,1
5184,24.99,0
5185,24.99,1
5186,24.99,0
5187,24.99,0
5188,24.99,1
5189,24.99,0
5190,24.99,0
5191,24.99,0
5192,24.99,0
5193,24.99,1
5194,24.99,0
5195,24.99,0
5196,24.99,0
5197,24.99,0
5198,24.99,0
5199,24.99,0
5200,24.99,0
5201,24.99,1
5202,24.99,0
5203,24.99,0
5204,24.99,1
5205,24.99,0
5206,24.99,0
5207,24.99,0
5208,24.99,0
5209,24.99,0
5210,24.99,1
5211,24.99,0
5212,24.99,0
5213,24.99,0
5214,24.99,0
5215,24.99,0
5216,24.99,0
5217,24.99,0
5218,24.99,0
5219,24.99,0
5220,24.99,0
5221,24.99,0
5222,24.99,0
5223,24.99,0
5224,24.99,0
5225,24.99,0
5226,24.99,0
5227,24.99,0
5228,24.99,0
5229,24.99,0
5230,24.99,0
5231,24.99,0
5232,24.99,0
5233,24.99,0
5234,24.99,0
5235,24.99,0
5236,24.99,0
5237,24.99,0
5238,24.99,0
5239,24.99,0
5240,24.99,1
5241,24.99,0
5242,24.99,0
5243,24.99,0
5244,24.99,0
5245,24.99,0
5246,24.99,0
5247,24.99,0
5248,24.99,0
5249,24.99,0
5250,24.99,0
5251,24.99,1
5252,24.99,0
5253,24.99,0
5254,24.99,0
5255,24.99,0
5256,24.99,0
5257,24.99,0
5258,24.99,0
5259,24.99,0
5260,24.99,0
5261,24.99,0
5262,24.99,0
5263,24.99,0
5264,24.99,1
5265,24.99,0
5266,24.99,0
5267,24.99,0
5268,24.99,0
5269,24.99,0
5270,24.99,0
5271,24.99,0
5272,24.99,0
5273,24.99,0
5274,24.99,0
5275,24.99,0
5276,24.99,0
5277,24.99,0
5278,24.99,1
5279,24.99,0
5280,24.99,1
5281,24.99,0
5282,24.99,0
5283,24.99,0
5284,24.99,0
5285,24.99,0
5286,24.99,1
5287,24.99,0
5288,24.99,0
5289,24.99,0
5290,24.99,0
5291,24.99,0
5292,24.99,0
5293,24.99,0
5294,24.99,0
5295,24.99,0
5296,24.99,0
5297,24.99,0
5298,24.99,0
5299,24.99,0
5300,24.99,0
5301,24.99,0
5302,24.99,0
5303,24.99,0
5304,24.99,0
5305,24.99,0
5306,24.99,0
5307,24.99,0
5308,24.99,0
5309,24.99,0
5310,24.99,0
5311,24.99,0
5312,24.99,1
5313,24.99,1
5314,24.99,0
5315,24.99,0
5316,24.99,0
5317,24.99,1
5318,24.99,0
5319,24.99,0
5320,24.99,0
5321,24.99,0
5322,24.99,0
5323,24.99,1
5324,24.99,0
5325,24.99,0
5326,24.99,0
5327,24.99,0
5328,24.99,0
5329,24.99,0
5330,24.99,0
5331,24.99,0
5332,24.99,0
5333,24.99,0
5334,24.99,1
5335,24.99,1
5336,24.99,0
5337,24.99,0
5338,24.99,0
5339,24.99,0
5340,24.99,0
5341,24.99,1
5342,24.99,0
5343,24.99,0
5344,24.99,1
5345,24.99,0
5346,24.99,0
5347,24.99,0
5348,24.99,0
5349,24.99,0
5350,24.99,0
5351,24.99,1
5352,24.99,0
5353,24.99,0
5354,24.99,0
5355,24.99,0
5356,24.99,0
5357,24.99,1
5358,24.99,0
5359,24.99,0
5360,24.99,0
5361,24.99,0
5362,24.99,0
5363,24.99,0
5364,24.99,0
5365,24.99,1
5366,24.99,0
5367,24.99,0
5368,24.99,0
5369,24.99,0
5370,24.99,0
5371,24.99,0
5372,24.99,0
5373,24.99,0
5374,24.99,0
5375,24.99,0
5376,24.99,0
5377,24.99,0
5378,24.99,0
5379,24.99,0
5380,24.99,0
5381,24.99,0
5382,24.99,0
5383,24.99,0
5384,24.99,0
5385,24.99,0
5386,24.99,0
5387,24.99,1
5388,24.99,0
5389,24.99,0
5390,24.99,0
5391,24.99,0
5392,24.99,0
5393,24.99,0
5394,24.99,0
5395,24.99,0
5396,24.99,0
5397,24.99,0
5398,24.99,0
5399,24.99,0
5400,24.99,0
5401,24.99,1
5402,24.99,1
5403,24.99,0
5404,24.99,0
5405,24.99,0
5406,24.99,1
5407,24.99,0
5408,24.99,0
5409,24.99,0
5410,24.99,0
5411,24.99,0
5412,24.99,0
5413,24.99,0
5414,24.99,0
5415,24.99,0
5416,24.99,0
5417,24.99,0
5418,24.99,0
5419,24.99,0
5420,24.99,0
5421,24.99,0
5422,24.99,1
5423,24.99,0
5424,24.99,0
5425,24.99,0
5426,24.99,1
5427,24.99,0
5428,24.99,0
5429,24.99,0
5430,24.99,0
5431,24.99,0
5432,24.99,0
5433,24.99,0
5434,24.99,0
5435,24.99,0
5436,24.99,0
5437,24.99,0
5438,24.99,0
5439,24.99,0
5440,24.99,0
5441,24.99,0
5442,24.99,0
5443,24.99,1
5444,24.99,0
5445,24.99,0
5446,24.99,0
5447,24.99,0
5448,24.99,0
5449,24.99,0
5450,24.99,0
5451,24.99,0
5452,24.99,0
5453,24.99,0
5454,24.99,0
5455,24.99,0
5456,24.99,0
5457,24.99,0
5458,24.99,1
5459,24.99,1
5460,24.99,0
5461,24.99,0
5462,24.99,0
5463,24.99,0
5464,24.99,0
5465,24.99,0
5466,24.99,0
5467,24.99,0
5468,24.99,0
5469,24.99,0
5470,24.99,0
5471,24.99,0
5472,24.99,0
5473,24.99,0
5474,24.99,0
5475,24.99,0
5476,24.99,0
5477,24.99,0
5478,24.99,0
5479,24.99,0
5480,24.99,0
5481,24.99,0
5482,24.99,0
5483,24.99,0
5484,24.99,0
5485,24.99,1
5486,24.99,0
5487,24.99,0
5488,24.99,0
5489,24.99,1
5490,24.99,0
5491,24.99,0
5492,24.99,0
5493,24.99,0
5494,24.99,0
5495,24.99,0
5496,24.99,0
5497,24.99,0
5498,24.99,0
5499,24.99,0
5500,24.99,0
5501,24.99,0
5502,24.99,0
5503,24.99,0
5504,24.99,0
5505,24.99,0
5506,24.99,0
5507,24.99,0
5508,24.99,0
5509,24.99,0
5510,24.99,0
5511,24.99,1
5512,24.99,0
5513,24.99,0
5514,24.99,0
5515,24.99,0
5516,24.99,0
5517,24.99,0
5518,24.99,0
5519,24.99,0
5520,24.99,0
5521,24.99,0
5522,24.99,0
5523,24.99,0
5524,24.99,0
5525,24.99,0
5526,24.99,0
5527,24.99,0
5528,24.99,0
5529,24.99,0
5530,24.99,0
5531,24.99,0
5532,24.99,0
5533,24.99,0
5534,24.99,0
5535,24.99,0
5536,24.99,0
5537,24.99,0
5538,24.99,0
5539,24.99,0
5540,24.99,0
5541,24.99,0
5542,24.99,0
5543,24.99,0
5544,24.99,0
5545,24.99,0
5546,24.99,0
5547,24.99,0
5548,24.99,0
5549,24.99,0
5550,24.99,0
5551,24.99,0
5552,24.99,1
5553,24.99,0
5554,24.99,0
5555,24.99,0
5556,24.99,0
5557,24.99,0
5558,24.99,0
5559,24.99,0
5560,24.99,0
5561,24.99,1
5562,24.99,0
5563,24.99,0
5564,24.99,1
5565,24.99,0
5566,24.99,0
5567,24.99,0
5568,24.99,0
5569,24.99,1
5570,24.99,1
5571,24.99,0
5572,24.99,0
5573,24.99,0
5574,24.99,0
5575,24.99,0
5576,24.99,0
5577,24.99,1
5578,24.99,1
5579,24.99,0
5580,24.99,0
5581,24.99,0
5582,24.99,0
5583,24.99,0
5584,24.99,0
5585,24.99,0
5586,24.99,0
5587,24.99,0
5588,24.99,1
5589,24.99,0
5590,24.99,0
5591,24.99,0
5592,24.99,0
5593,24.99,1
5594,24.99,0
5595,24.99,0
5596,24.99,0
5597,24.99,0
5598,24.99,0
5599,24.99,0
5600,24.99,0
5601,24.99,0
5602,24.99,0
5603,24.99,0
5604,24.99,0
5605,24.99,0
5606,24.99,0
5607,24.99,0
5608,24.99,0
5609,24.99,0
5610,24.99,0
5611,24.99,0
5612,24.99,0
5613,24.99,0
5614,24.99,0
5615,24.99,0
5616,24.99,0
5617,24.99,0
5618,24.99,0
5619,24.99,0
5620,24.99,0
5621,24.99,1
5622,24.99,0
5623,24.99,0
5624,24.99,0
5625,24.99,0
5626,24.99,0
5627,24.99,0
5628,24.99,0
5629,24.99,0
5630,24.99,0
5631,24.99,0
5632,24.99,0
5633,24.99,0
5634,24.99,0
5635,24.99,0
5636,24.99,0
5637,24.99,0
5638,24.99,0
5639,24.99,0
5640,24.99,0
5641,24.99,0
5642,24.99,0
5643,24.99,0
5644,24.99,0
5645,24.99,0
5646,24.99,0
5647,24.99,0
5648,24.99,0
5649,24.99,0
5650,24.99,0
5651,24.99,0
5652,24.99,0
5653,24.99,0
5654,24.99,0
5655,24.99,0
5656,24.99,0
5657,24.99,0
5658,24.99,1
5659,24.99,0
5660,24.99,0
5661,24.99,0
5662,24.99,0
5663,24.99,0
5664,24.99,0
5665,24.99,0
5666,24.99,0
5667,24.99,0
5668,24.99,0
5669,24.99,0
5670,24.99,0
5671,24.99,0
5672,24.99,0
5673,24.99,0
5674,24.99,1
5675,24.99,0
5676,24.99,0
5677,24.99,0
5678,24.99,0
5679,24.99,0
5680,24.99,0
5681,24.99,0
5682,24.99,1
5683,24.99,0
5684,24.99,0
5685,24.99,0
5686,24.99,0
5687,24.99,1
5688,24.99,0
5689,24.99,0
5690,24.99,0
5691,24.99,0
5692,24.99,0
5693,24.99,0
5694,24.99,0
5695,24.99,0
5696,24.99,0
5697,24.99,0
5698,24.99,1
5699,24.99,0
5700,24.99,0
5701,24.99,0
5702,24.99,0
5703,24.99,0
5704,24.99,1
5705,24.99,0
5706,24.99,0
5707,24.99,0
5708,24.99,0
5709,24.99,0
5710,24.99,0
5711,24.99,1
5712,24.99,0
5713,24.99,1
5714,24.99,0
5715,24.99,0
5716,24.99,0
5717,24.99,0
5718,24.99,0
5719,24.99,0
5720,24.99,0
5721,24.99,0
5722,24.99,0
5723,24.99,0
5724,24.99,0
5725,24.99,0
5726,24.99,0
5727,24.99,0
5728,24.99,0
5729,24.99,1
5730,24.99,0
5731,24.99,0
5732,24.99,0
5733,24.99,0
5734,24.99,0
5735,24.99,0
5736,24.99,0
5737,24.99,0
5738,24.99,0
5739,24.99,0
5740,24.99,0
5741,24.99,0
5742,24.99,0
5743,24.99,1
5744,24.99,0
5745,24.99,0
5746,24.99,0
5747,24.99,1
5748,24.99,1
5749,24.99,0
5750,24.99,0
5751,24.99,0
5752,24.99,0
5753,24.99,0
5754,24.99,1
5755,24.99,0
5756,24.99,0
5757,24.99,0
5758,24.99,0
5759,24.99,0
5760,24.99,0
5761,24.99,1
5762,24.99,1
5763,24.99,0
5764,24.99,0
5765,24.99,0
5766,24.99,0
5767,24.99,0
5768,24.99,0
5769,24.99,1
5770,24.99,0
5771,24.99,0
5772,24.99,0
5773,24.99,0
5774,24.99,0
5775,24.99,0
5776,24.99,0
5777,24.99,0
5778,24.99,0
5779,24.99,0
5780,24.99,0
5781,24.99,0
5782,24.99,0
5783,24.99,0
5784,24.99,0
5785,24.99,0
5786,24.99,0
5787,24.99,0
5788,24.99,1
5789,24.99,0
5790,24.99,0
5791,24.99,0
5792,24.99,1
5793,24.99,1
5794,24.99,0
5795,24.99,0
5796,24.99,0
5797,24.99,1
5798,24.99,1
5799,24.99,0
5800,24.99,0
5801,24.99,0
5802,24.99,0
5803,24.99,0
5804,24.99,0
5805,24.99,0
5806,24.99,0
5807,24.99,1
5808,24.99,0
5809,24.99,0
5810,24.99,0
5811,24.99,1
5812,24.99,0
5813,24.99,0
5814,24.99,0
5815,24.99,0
5816,24.99,0
5817,24.99,0
5818,24.99,1
5819,24.99,0
5820,24.99,0
5821,24.99,0
5822,24.99,0
5823,24.99,0
5824,24.99,0
5825,24.99,0
5826,24.99,0
5827,24.99,0
5828,24.99,0
5829,24.99,0
5830,24.99,1
5831,24.99,0
5832,24.99,0
5833,24.99,0
5834,24.99,0
5835,24.99,0
5836,24.99,0
5837,24.99,0
5838,24.99,0
5839,24.99,0
5840,24.99,0
5841,24.99,0
5842,24.99,0
5843,24.99,0
5844,24.99,0
5845,24.99,0
5846,24.99,0
5847,24.99,0
5848,24.99,0
5849,24.99,0
5850,24.99,0
5851,24.99,1
5852,24.99,0
5853,24.99,0
5854,24.99,0
5855,24.99,0
5856,24.99,0
5857,24.99,0
5858,24.99,0
5859,24.99,0
5860,24.99,0
5861,24.99,0
5862,24.99,0
5863,24.99,0
5864,24.99,0
5865,24.99,0
5866,24.99,0
5867,24.99,0
5868,24.99,0
5869,24.99,0
5870,24.99,0
5871,24.99,0
5872,24.99,0
5873,24.99,0
5874,24.99,0
5875,24.99,0
5876,24.99,0
5877,24.99,0
5878,24.99,0
5879,24.99,0
5880,24.99,0
5881,24.99,0
5882,24.99,0
5883,24.99,1
5884,24.99,0
5885,24.99,0
5886,24.99,0
5887,24.99,1
5888,24.99,0
5889,24.99,0
5890,24.99,0
5891,24.99,0
5892,24.99,0
5893,24.99,0
5894,24.99,0
5895,24.99,0
5896,24.99,1
5897,24.99,0
5898,24.99,1
5899,24.99,0
5900,24.99,0
5901,24.99,0
5902,24.99,0
5903,24.99,0
5904,24.99,0
5905,24.99,0
5906,24.99,0
5907,24.99,0
5908,24.99,0
5909,24.99,0
5910,24.99,0
5911,24.99,1
5912,24.99,0
5913,24.99,0
5914,24.99,0
5915,24.99,0
5916,24.99,1
5917,24.99,0
5918,24.99,0
5919,24.99,0
5920,24.99,0
5921,24.99,1
5922,24.99,0
5923,24.99,0
5924,24.99,0
5925,24.99,0
5926,24.99,0
5927,24.99,0
5928,24.99,0
5929,24.99,0
5930,24.99,0
5931,24.99,0
5932,24.99,0
5933,24.99,1
5934,24.99,0
5935,24.99,0
5936,24.99,0
5937,24.99,0
5938,24.99,0
5939,24.99,0
5940,24.99,0
5941,24.99,0
5942,24.99,0
5943,24.99,0
5944,24.99,1
5945,24.99,0
5946,24.99,0
5947,24.99,0
5948,24.99,0
5949,24.99,0
5950,24.99,0
5951,24.99,0
5952,24.99,0
5953,24.99,0
5954,24.99,0
5955,24.99,0
5956,24.99,0
5957,24.99,0
5958,24.99,0
5959,24.99,0
5960,24.99,0
5961,24.99,1
5962,24.99,0
5963,24.99,0
5964,24.99,0
5965,24.99,0
5966,24.99,0
5967,24.99,0
5968,24.99,1
5969,24.99,0
5970,24.99,0
5971,24.99,0
5972,24.99,0
5973,24.99,0
5974,24.99,0
5975,24.99,1
5976,24.99,0
5977,24.99,0
5978,24.99,0
5979,24.99,0
5980,24.99,0
5981,24.99,0
5982,24.99,1
5983,24.99,0
5984,24.99,0
5985,24.99,0
5986,24.99,0
5987,24.99,1
5988,24.99,0
5989,24.99,0
5990,24.99,0
5991,24.99,0
5992,24.99,0
5993,24.99,0
5994,24.99,0
5995,24.99,0
5996,24.99,0
5997,24.99,0
5998,24.99,0
5999,24.99,0
6000,24.99,0
6001,24.99,0
6002,24.99,0
6003,24.99,0
6004,24.99,0
6005,24.99,1
6006,24.99,0
6007,24.99,0
6008,24.99,0
6009,24.99,0
6010,24.99,0
6011,24.99,0
6012,24.99,1
6013,24.99,0
6014,24.99,0
6015,24.99,0
6016,24.99,0
6017,24.99,0
6018,24.99,0
6019,24.99,0
6020,24.99,0
6021,24.99,0
6022,24.99,0
6023,24.99,0
6024,24.99,0
6025,24.99,0
6026,24.99,0
6027,24.99,0
6028,24.99,0
6029,24.99,0
6030,24.99,0
6031,24.99,0
6032,24.99,0
6033,24.99,0
6034,24.99,0
6035,24.99,0
6036,24.99,0
6037,24.99,0
6038,24.99,0
6039,24.99,0
6040,24.99,0
6041,24.99,0
6042,24.99,0
6043,24.99,0
6044,24.99,0
6045,24.99,0
6046,24.99,0
6047,24.99,0
6048,24.99,0
6049,24.99,1
6050,24.99,0
6051,24.99,1
6052,24.99,0
6053,24.99,0
6054,24.99,0
6055,24.99,0
6056,24.99,0
6057,24.99,0
6058,24.99,0
6059,24.99,0
6060,24.99,0
6061,24.99,0
6062,24.99,0
6063,24.99,0
6064,24.99,0
6065,24.99,0
6066,24.99,0
6067,24.99,0
6068,24.99,0
6069,24.99,0
6070,24.99,1
6071,24.99,0
6072,24.99,0
6073,24.99,0
6074,24.99,0
6075,24.99,0
6076,24.99,0
6077,24.99,0
6078,24.99,0
6079,24.99,0
6080,24.99,0
6081,24.99,1
6082,24.99,0
6083,24.99,0
6084,24.99,0
6085,24.99,0
6086,24.99,0
6087,24.99,0
6088,24.99,0
6089,24.99,0
6090,24.99,0
6091,24.99,0
6092,24.99,0
6093,24.99,0
6094,24.99,0
6095,24.99,0
6096,24.99,0
6097,24.99,0
6098,24.99,0
6099,24.99,0
6100,24.99,0
6101,24.99,0
6102,24.99,0
6103,24.99,0
6104,24.99,0
6105,24.99,0
6106,24.99,0
6107,24.99,0
6108,24.99,0
6109,24.99,1
6110,24.99,1
6111,24.99,0
6112,24.99,1
6113,24.99,0
6114,24.99,0
6115,24.99,0
6116,24.99,0
6117,24.99,1
6118,24.99,0
6119,24.99,0
6120,24.99,0
6121,24.99,0
6122,24.99,0
6123,24.99,1
6124,24.99,0
6125,24.99,0
6126,24.99,0
6127,24.99,0
6128,24.99,0
6129,24.99,0
6130,24.99,0
6131,24.99,0
6132,24.99,0
6133,24.99,0
6134,24.99,0
6135,24.99,0
6136,24.99,0
6137,24.99,1
6138,24.99,0
6139,24.99,0
6140,24.99,0
6141,24.99,0
6142,24.99,0
6143,24.99,0
6144,24.99,0
6145,24.99,0
6146,24.99,0
6147,24.99,0
6148,24.99,0
6149,24.99,1
6150,24.99,0
6151,24.99,0
6152,24.99,0
6153,24.99,0
6154,24.99,0
6155,24.99,0
6156,24.99,0
6157,24.99,0
6158,24.99,0
6159,24.99,0
6160,24.99,0
6161,24.99,0
6162,24.99,0
6163,24.99,0
6164,24.99,0
6165,24.99,0
6166,24.99,0
6167,24.99,1
6168,24.99,0
6169,24.99,0
6170,24.99,0
6171,24.99,0
6172,24.99,0
6173,24.99,0
6174,24.99,0
6175,24.99,0
6176,24.99,0
6177,24.99,0
6178,24.99,0
6179,24.99,0
6180,24.99,0
6181,24.99,0
6182,24.99,0
6183,24.99,1
6184,24.99,0
6185,24.99,0
6186,24.99,0
6187,24.99,0
6188,24.99,0
6189,24.99,0
6190,24.99,0
6191,24.99,0
6192,24.99,0
6193,24.99,1
6194,24.99,0
6195,24.99,0
6196,24.99,0
6197,24.99,0
6198,24.99,0
6199,24.99,0
6200,24.99,0
6201,24.99,0
6202,24.99,1
6203,24.99,0
6204,24.99,0
6205,24.99,1
6206,24.99,0
6207,24.99,0
6208,24.99,0
6209,24.99,0
6210,24.99,0
6211,24.99,0
6212,24.99,0
6213,24.99,0
6214,24.99,0
6215,24.99,0
6216,24.99,0
6217,24.99,0
6218,24.99,0
6219,24.99,0
6220,24.99,0
6221,24.99,0
6222,24.99,0
6223,24.99,0
6224,24.99,0
6225,24.99,0
6226,24.99,0
6227,24.99,1
6228,24.99,0
6229,24.99,0
6230,24.99,0
6231,24.99,1
6232,24.99,0
6233,24.99,0
6234,24.99,0
6235,24.99,0
6236,24.99,0
6237,24.99,0
6238,24.99,0
6239,24.99,0
6240,24.99,1
6241,24.99,0
6242,24.99,0
6243,24.99,0
6244,24.99,0
6245,24.99,0
6246,24.99,0
6247,24.99,0
6248,24.99,0
6249,24.99,0
6250,24.99,0
6251,24.99,0
6252,24.99,0
6253,24.99,0
6254,24.99,0
6255,24.99,0
6256,24.99,0
6257,24.99,0
6258,24.99,0
6259,24.99,0
6260,24.99,0
6261,24.99,0
6262,24.99,0
6263,24.99,1
6264,24.99,0
6265,24.99,0
6266,24.99,1
6267,24.99,0
6268,24.99,0
6269,24.99,0
6270,24.99,0
6271,24.99,1
6272,24.99,0
6273,24.99,0
6274,24.99,0
6275,24.99,0
6276,24.99,0
6277,24.99,0
6278,24.99,0
6279,24.99,0
6280,24.99,0
6281,24.99,0
6282,24.99,0
6283,24.99,0
6284,24.99,0
6285,24.99,0
6286,24.99,0
6287,24.99,0
6288,24.99,1
6289,24.99,0
6290,24.99,0
6291,24.99,0
6292,24.99,1
6293,24.99,0
6294,24.99,0
6295,24.99,0
6296,24.99,0
6297,24.99,0
6298,24.99,0
6299,24.99,0
6300,24.99,0
6301,24.99,0
6302,24.99,0
6303,24.99,0
6304,24.99,0
6305,24.99,0
6306,24.99,0
6307,24.99,0
6308,24.99,0
6309,24.99,0
6310,24.99,0
6311,24.99,0
6312,24.99,0
6313,24.99,0
6314,24.99,0
6315,24.99,1
6316,24.99,0
6317,24.99,0
6318,24.99,0
6319,24.99,0
6320,24.99,0
6321,24.99,0
6322,24.99,0
6323,24.99,0
6324,24.99,0
6325,24.99,0
6326,24.99,1
6327,24.99,0
6328,24.99,0
6329,24.99,0
6330,24.99,0
6331,24.99,0
6332,24.99,0
6333,24.99,0
6334,24.99,0
6335,24.99,0
6336,24.99,0
6337,24.99,0
6338,24.99,0
6339,24.99,0
6340,24.99,0
6341,24.99,0
6342,24.99,0
6343,24.99,0
6344,24.99,0
6345,24.99,0
6346,24.99,0
6347,24.99,1
6348,24.99,0
6349,24.99,0
6350,24.99,0
6351,24.99,0
6352,24.99,0
6353,24.99,0
6354,24.99,1
6355,24.99,1
6356,24.99,0
6357,24.99,0
6358,24.99,1
6359,24.99,0
6360,24.99,0
6361,24.99,0
6362,24.99,0
6363,24.99,0
6364,24.99,0
6365,24.99,0
6366,24.99,0
6367,24.99,0
6368,24.99,0
6369,24.99,0
6370,24.99,0
6371,24.99,0
6372,24.99,1
6373,24.99,1
6374,24.99,0
6375,24.99,0
6376,24.99,0
6377,24.99,0
6378,24.99,1
6379,24.99,0
6380,24.99,0
6381,24.99,0
6382,24.99,0
6383,24.99,0
6384,24.99,0
6385,24.99,0
6386,24.99,0
6387,24.99,0
6388,24.99,0
6389,24.99,0
6390,24.99,0
6391,24.99,0
6392,24.99,0
6393,24.99,0
6394,24.99,1
6395,24.99,0
6396,24.99,0
6397,24.99,0
6398,24.99,0
6399,24.99,0
6400,24.99,0
6401,24.99,0
6402,24.99,0
6403,24.99,0
6404,24.99,0
6405,24.99,0
6406,24.99,0
6407,24.99,0
6408,24.99,0
6409,24.99,1
6410,24.99,0
6411,24.99,0
6412,24.99,0
6413,24.99,0
6414,24.99,0
6415,24.99,0
6416,24.99,0
6417,24.99,1
6418,24.99,0
6419,24.99,0
6420,24.99,1
6421,24.99,0
6422,24.99,0
6423,24.99,0
6424,24.99,0
6425,24.99,0
6426,24.99,1
6427,24.99,0
6428,24.99,0
6429,24.99,0
6430,24.99,0
6431,24.99,1
6432,24.99,0
6433,24.99,0
6434,24.99,0
6435,24.99,0
6436,24.99,0
6437,24.99,0
6438,24.99,0
6439,24.99,0
6440,24.99,0
6441,24.99,0
6442,24.99,0
6443,24.99,0
6444,24.99,0
6445,24.99,0
6446,24.99,1
6447,24.99,0
6448,24.99,0
6449,24.99,0
6450,24.99,0
6451,24.99,1
6452,24.99,0
6453,24.99,0
6454,24.99,0
6455,24.99,0
6456,24.99,0
6457,24.99,0
6458,24.99,0
6459,24.99,0
6460,24.99,0
6461,24.99,0
6462,24.99,1
6463,24.99,0
6464,24.99,0
6465,24.99,0
6466,24.99,0
6467,24.99,0
6468,24.99,1
6469,24.99,0
6470,24.99,0
6471,24.99,0
6472,24.99,0
6473,24.99,1
6474,24.99,0
6475,24.99,1
6476,24.99,0
6477,24.99,0
6478,24.99,0
6479,24.99,0
6480,24.99,0
6481,24.99,0
6482,24.99,0
6483,24.99,0
6484,24.99,0
6485,24.99,0
6486,24.99,1
6487,24.99,0
6488,24.99,0
6489,24.99,0
6490,24.99,0
6491,24.99,0
6492,24.99,0
6493,24.99,0
6494,24.99,1
6495,24.99,0
6496,24.99,0
6497,24.99,0
6498,24.99,0
6499,24.99,0
6500,24.99,0
6501,24.99,0
6502,24.99,0
6503,24.99,0
6504,24.99,0
6505,24.99,0
6506,24.99,0
6507,24.99,1
6508,24.99,0
6509,24.99,0
6510,24.99,0
6511,24.99,0
6512,24.99,0
6513,24.99,0
6514,24.99,0
6515,24.99,0
6516,24.99,0
6517,24.99,0
6518,24.99,1
6519,24.99,0
6520,24.99,0
6521,24.99,0
6522,24.99,0
6523,24.99,0
6524,24.99,0
6525,24.99,1
6526,24.99,0
6527,24.99,0
6528,24.99,0
6529,24.99,0
6530,24.99,0
6531,24.99,0
6532,24.99,1
6533,24.99,0
6534,24.99,0
6535,24.99,0
6536,24.99,0
6537,24.99,0
6538,24.99,0
6539,24.99,0
6540,24.99,0
6541,24.99,0
6542,24.99,1
6543,24.99,0
6544,24.99,0
6545,24.99,0
6546,24.99,0
6547,24.99,0
6548,24.99,0
6549,24.99,0
6550,24.99,0
6551,24.99,0
6552,24.99,0
6553,24.99,0
6554,24.99,0
6555,24.99,0
6556,24.99,0
6557,24.99,0
6558,24.99,0
6559,24.99,1
6560,24.99,0
6561,24.99,0
6562,24.99,0
6563,24.99,0
6564,24.99,0
6565,24.99,0
6566,24.99,0
6567,24.99,0
6568,24.99,0
6569,24.99,0
6570,24.99,0
6571,24.99,0
6572,24.99,0
6573,24.99,0
6574,24.99,0
6575,24.99,0
6576,24.99,1
6577,24.99,0
6578,24.99,0
6579,24.99,0
6580,24.99,0
6581,24.99,1
6582,24.99,0
6583,24.99,0
6584,24.99,0
6585,24.99,0
6586,24.99,0
6587,24.99,0
6588,24.99,0
6589,24.99,0
6590,24.99,0
6591,24.99,0
6592,24.99,0
6593,24.99,0
6594,24.99,0
6595,24.99,0
6596,24.99,0
6597,24.99,0
6598,24.99,1
6599,24.99,0
6600,24.99,0
6601,24.99,0
6602,24.99,0
6603,24.99,0
6604,24.99,0
6605,24.99,0
6606,24.99,0
6607,24.99,0
6608,24.99,1
6609,24.99,0
6610,24.99,0
6611,24.99,0
6612,24.99,0
6613,24.99,0
6614,24.99,0
6615,24.99,0
6616,24.99,0
6617,24.99,0
6618,24.99,0
6619,24.99,0
6620,24.99,0
6621,24.99,0
6622,24.99,0
6623,24.99,0
6624,24.99,0
6625,24.99,0
6626,24.99,0
6627,24.99,0
6628,24.99,0
6629,24.99,0
6630,24.99,0
6631,24.99,0
6632,24.99,0
6633,24.99,0
6634,24.99,0
6635,24.99,0
6636,24.99,0
6637,24.99,0
6638,24.99,0
6639,24.99,0
6640,24.99,0
6641,24.99,0
6642,24.99,0
6643,24.99,0
6644,24.99,0
6645,24.99,0
6646,24.99,0
6647,24.99,0
6648,24.99,0
6649,24.99,0
6650,24.99,0
6651,24.99,0
6652,24.99,0
6653,24.99,0
6654,24.99,0
6655,24.99,0
6656,24.99,0
6657,24.99,0
6658,24.99,0
6659,24.99,0
6660,24.99,0
6661,24.99,0
6662,24.99,0
6663,24.99,0
6664,24.99,0
6665,24.99,0
6666,24.99,0
6667,24.99,0
6668,24.99,0
6669,24.99,0
6670,24.99,0
6671,24.99,0
6672,24.99,0
6673,24.99,0
6674,24.99,0
6675,24.99,0
6676,24.99,0
6677,24.99,0
6678,24.99,0
6679,24.99,0
6680,24.99,0
6681,24.99,0
6682,24.99,0
6683,24.99,0
6684,24.99,0
6685,24.99,0
6686,24.99,0
6687,24.99,0
6688,24.99,0
6689,24.99,0
6690,24.99,0
6691,24.99,0
6692,24.99,0
6693,24.99,0
6694,24.99,0
6695,24.99,0
6696,24.99,0
6697,24.99,0
6698,24.99,0
6699,24.99,0
6700,24.99,0
6701,24.99,0
6702,24.99,0
6703,24.99,0
6704,24.99,0
6705,24.99,0
6706,24.99,1
6707,24.99,0
6708,24.99,0
6709,24.99,0
6710,24.99,0
6711,24.99,0
6712,24.99,0
6713,24.99,0
6714,24.99,0
6715,24.99,0
6716,24.99,0
6717,24.99,0
6718,24.99,0
6719,24.99,0
6720,24.99,0
6721,24.99,0
6722,24.99,0
6723,24.99,0
6724,24.99,0
6725,24.99,0
6726,24.99,0
6727,24.99,0
6728,24.99,1
6729,24.99,0
6730,24.99,0
6731,24.99,0
6732,24.99,1
6733,24.99,0
6734,24.99,0
6735,24.99,0
6736,24.99,1
6737,24.99,0
6738,24.99,0
6739,24.99,1
6740,24.99,0
6741,24.99,0
6742,24.99,0
6743,24.99,0
6744,24.99,0
6745,24.99,1
6746,24.99,0
6747,24.99,0
6748,24.99,1
6749,24.99,0
6750,24.99,0
6751,24.99,0
6752,24.99,0
6753,24.99,0
6754,24.99,0
6755,24.99,0
6756,24.99,0
6757,24.99,0
6758,24.99,1
6759,24.99,0
6760,24.99,0
6761,24.99,0
6762,24.99,0
6763,24.99,0
6764,24.99,0
6765,24.99,0
6766,24.99,1
6767,24.99,0
6768,24.99,0
6769,24.99,0
6770,24.99,0
6771,24.99,0
6772,24.99,0
6773,24.99,0
6774,24.99,0
6775,24.99,0
6776,24.99,0
6777,24.99,0
6778,24.99,1
6779,24.99,0
6780,24.99,0
6781,24.99,0
6782,24.99,0
6783,24.99,0
6784,24.99,0
6785,24.99,0
6786,24.99,1
6787,24.99,0
6788,24.99,0
6789,24.99,0
6790,24.99,0
6791,24.99,0
6792,24.99,0
6793,24.99,0
6794,24.99,0
6795,24.99,0
6796,24.99,1
6797,24.99,0
6798,24.99,0
6799,24.99,0
6800,24.99,0
6801,24.99,0
6802,24.99,0
6803,24.99,0
6804,24.99,0
6805,24.99,0
6806,24.99,0
6807,24.99,0
6808,24.99,0
6809,24.99,0
6810,24.99,0
6811,24.99,0
6812,24.99,0
6813,24.99,0
6814,24.99,0
6815,24.99,0
6816,24.99,0
6817,24.99,1
6818,24.99,0
6819,24.99,0
6820,24.99,0
6821,24.99,0
6822,24.99,1
6823,24.99,1
6824,24.99,0
6825,24.99,0
6826,24.99,0
6827,24.99,0
6828,24.99,0
6829,24.99,0
6830,24.99,1
6831,24.99,0
6832,24.99,0
6833,24.99,1
6834,24.99,0
6835,24.99,0
6836,24.99,0
6837,24.99,0
6838,24.99,0
6839,24.99,1
6840,24.99,1
6841,24.99,0
6842,24.99,0
6843,24.99,0
6844,24.99,0
6845,24.99,0
6846,24.99,0
6847,24.99,0
6848,24.99,0
6849,24.99,0
6850,24.99,0
6851,24.99,1
6852,24.99,0
6853,24.99,0
6854,24.99,0
6855,24.99,0
6856,24.99,0
6857,24.99,0
6858,24.99,0
6859,24.99,0
6860,24.99,0
6861,24.99,0
6862,24.99,1
6863,24.99,0
6864,24.99,0
6865,24.99,0
6866,24.99,0
6867,24.99,0
6868,24.99,0
6869,24.99,1
6870,24.99,0
6871,24.99,0
6872,24.99,0
6873,24.99,0
6874,24.99,0
6875,24.99,0
6876,24.99,0
6877,24.99,0
6878,24.99,0
6879,24.99,0
6880,24.99,0
6881,24.99,0
6882,24.99,0
6883,24.99,0
6884,24.99,1
6885,24.99,1
6886,24.99,0
6887,24.99,0
6888,24.99,0
6889,24.99,0
6890,24.99,0
6891,24.99,0
6892,24.99,1
6893,24.99,0
6894,24.99,0
6895,24.99,0
6896,24.99,0
6897,24.99,0
6898,24.99,0
6899,24.99,0
6900,24.99,0
6901,24.99,0
6902,24.99,0
6903,24.99,0
6904,24.99,0
6905,24.99,0
6906,24.99,0
6907,24.99,0
6908,24.99,0
6909,24.99,0
6910,24.99,0
6911,24.99,1
6912,24.99,0
6913,24.99,0
6914,24.99,0
6915,24.99,0
6916,24.99,0
6917,24.99,1
6918,24.99,0
6919,24.99,0
6920,24.99,1
6921,24.99,0
6922,24.99,0
6923,24.99,0
6924,24.99,0
6925,24.99,0
6926,24.99,0
6927,24.99,0
6928,24.99,0
6929,24.99,0
6930,24.99,0
6931,24.99,0
6932,24.99,0
6933,24.99,0
6934,24.99,1
6935,24.99,0
6936,24.99,0
6937,24.99,0
6938,24.99,0
6939,24.99,0
6940,24.99,0
6941,24.99,0
6942,24.99,0
6943,24.99,0
6944,24.99,0
6945,24.99,0
6946,24.99,0
6947,24.99,0
6948,24.99,0
6949,24.99,0
6950,24.99,0
6951,24.99,0
6952,24.99,0
6953,24.99,0
6954,24.99,0
6955,24.99,0
6956,24.99,0
6957,24.99,0
6958,24.99,0
6959,24.99,1
6960,24.99,0
6961,24.99,0
6962,24.99,1
6963,24.99,0
6964,24.99,0
6965,24.99,0
6966,24.99,0
6967,24.99,0
6968,24.99,0
6969,24.99,0
6970,24.99,0
6971,24.99,0
6972,24.99,0
6973,24.99,0
6974,24.99,0
6975,24.99,0
6976,24.99,0
6977,24.99,0
6978,24.99,0
6979,24.99,0
6980,24.99,0
6981,24.99,0
6982,24.99,1
6983,24.99,0
6984,24.99,0
6985,24.99,0
6986,24.99,0
6987,24.99,0
6988,24.99,0
6989,24.99,0
6990,24.99,1
6991,24.99,0
6992,24.99,0
6993,24.99,0
6994,24.99,1
6995,24.99,0
6996,24.99,0
6997,24.99,1
6998,24.99,0
6999,24.99,0
7000,24.99,0
7001,24.99,0
7002,24.99,0
7003,24.99,0
7004,24.99,0
7005,24.99,0
7006,24.99,0
7007,24.99,0
7008,24.99,0
7009,24.99,0
7010,24.99,0
7011,24.99,0
7012,24.99,0
7013,24.99,0
7014,24.99,0
7015,24.99,0
7016,24.99,0
7017,24.99,0
7018,24.99,0
7019,24.99,0
7020,24.99,0
7021,24.99,0
7022,24.99,1
7023,24.99,0
7024,24.99,0
7025,24.99,0
7026,24.99,0
7027,24.99,1
7028,24.99,0
7029,24.99,0
7030,24.99,0
7031,24.99,0
7032,24.99,0
7033,24.99,0
7034,24.99,0
7035,24.99,0
7036,24.99,0
7037,24.99,0
7038,24.99,0
7039,24.99,0
7040,24.99,0
7041,24.99,0
7042,24.99,0
7043,24.99,0
7044,24.99,1
7045,24.99,0
7046,24.99,0
7047,24.99,0
7048,24.99,0
7049,24.99,0
7050,24.99,0
7051,24.99,0
7052,24.99,1
7053,24.99,0
7054,24.99,0
7055,24.99,0
7056,24.99,0
7057,24.99,0
7058,24.99,0
7059,24.99,1
7060,24.99,1
7061,24.99,0
7062,24.99,0
7063,24.99,0
7064,24.99,0
7065,24.99,0
7066,24.99,0
7067,24.99,0
7068,24.99,0
7069,24.99,0
7070,24.99,0
7071,24.99,0
7072,24.99,0
7073,24.99,0
7074,24.99,0
7075,24.99,0
7076,24.99,0
7077,24.99,0
7078,24.99,0
7079,24.99,0
7080,24.99,0
7081,24.99,0
7082,24.99,0
7083,24.99,0
7084,24.99,0
7085,24.99,0
7086,24.99,0
7087,24.99,0
7088,24.99,0
7089,24.99,0
7090,24.99,0
7091,24.99,1
7092,24.99,0
7093,24.99,0
7094,24.99,0
7095,24.99,0
7096,24.99,0
7097,24.99,0
7098,24.99,0
7099,24.99,0
7100,24.99,0
7101,24.99,0
7102,24.99,1
7103,24.99,0
7104,24.99,0
7105,24.99,0
7106,24.99,0
7107,24.99,0
7108,24.99,0
7109,24.99,0
7110,24.99,0
7111,24.99,1
7112,24.99,0
7113,24.99,0
7114,24.99,0
7115,24.99,0
7116,24.99,0
7117,24.99,0
7118,24.99,0
7119,24.99,0
7120,24.99,0
7121,24.99,0
7122,24.99,0
7123,24.99,0
7124,24.99,0
7125,24.99,0
7126,24.99,0
7127,24.99,0
7128,24.99,0
7129,24.99,1
7130,24.99,0
7131,24.99,0
7132,24.99,0
7133,24.99,0
7134,24.99,0
7135,24.99,0
7136,24.99,0
7137,24.99,0
7138,24.99,0
7139,24.99,0
7140,24.99,1
7141,24.99,0
7142,24.99,0
7143,24.99,0
7144,24.99,1
7145,24.99,0
7146,24.99,0
7147,24.99,0
7148,24.99,0
7149,24.99,0
7150,24.99,0
7151,24.99,0
7152,24.99,1
7153,24.99,0
7154,24.99,0
7155,24.99,0
7156,24.99,0
7157,24.99,0
7158,24.99,0
7159,24.99,0
7160,24.99,0
7161,24.99,0
7162,24.99,0
7163,24.99,0
7164,24.99,0
7165,24.99,0
7166,24.99,0
7167,24.99,0
7168,24.99,0
7169,24.99,0
7170,24.99,0
7171,24.99,0
7172,24.99,0
7173,24.99,0
7174,24.99,0
7175,24.99,0
7176,24.99,1
7177,24.99,0
7178,24.99,0
7179,24.99,0
7180,24.99,0
7181,24.99,0
7182,24.99,0
7183,24.99,0
7184,24.99,0
7185,24.99,1
7186,24.99,0
7187,24.99,0
7188,24.99,0
7189,24.99,0
7190,24.99,0
7191,24.99,0
7192,24.99,0
7193,24.99,0
7194,24.99,0
7195,24.99,0
7196,24.99,0
7197,24.99,0
7198,24.99,1
7199,24.99,1
7200,24.99,0
7201,24.99,0
7202,24.99,0
7203,24.99,0
7204,24.99,1
7205,24.99,0
7206,24.99,0
7207,24.99,0
7208,24.99,0
7209,24.99,0
7210,24.99,0
7211,24.99,0
7212,24.99,0
7213,24.99,0
7214,24.99,0
7215,24.99,0
7216,24.99,0
7217,24.99,0
7218,24.99,1
7219,24.99,1
7220,24.99,1
7221,24.99,0
7222,24.99,0
7223,24.99,0
7224,24.99,0
7225,24.99,1
7226,24.99,0
7227,24.99,0
7228,24.99,1
7229,24.99,0
7230,24.99,0
7231,24.99,0
7232,24.99,0
7233,24.99,0
7234,24.99,0
7235,24.99,0
7236,24.99,0
7237,24.99,0
7238,24.99,0
7239,24.99,0
7240,24.99,0
7241,24.99,0
7242,24.99,0
7243,24.99,0
7244,24.99,0
7245,24.99,0
7246,24.99,0
7247,24.99,0
7248,24.99,0
7249,24.99,0
7250,24.99,0
7251,24.99,1
7252,24.99,0
7253,24.99,0
7254,24.99,0
7255,24.99,0
7256,24.99,0
7257,24.99,0
7258,24.99,0
7259,24.99,0
7260,24.99,0
7261,24.99,0
7262,24.99,0
7263,24.99,0
7264,24.99,0
7265,24.99,0
7266,24.99,0
7267,24.99,0
7268,24.99,0
7269,24.99,0
7270,24.99,0
7271,24.99,1
7272,24.99,0
7273,24.99,0
7274,24.99,0
7275,24.99,0
7276,24.99,0
7277,24.99,0
7278,24.99,0
7279,24.99,0
7280,24.99,0
7281,24.99,0
7282,24.99,0
7283,24.99,0
7284,24.99,0
7285,24.99,0
7286,24.99,0
7287,24.99,0
7288,24.99,1
7289,24.99,0
7290,24.99,0
7291,24.99,0
7292,24.99,0
7293,24.99,0
7294,24.99,0
7295,24.99,1
7296,24.99,0
7297,24.99,0
7298,24.99,0
7299,24.99,0
7300,24.99,0
7301,24.99,0
7302,24.99,0
7303,24.99,0
7304,24.99,0
7305,24.99,1
7306,24.99,0
7307,24.99,0
7308,24.99,0
7309,24.99,0
7310,24.99,1
7311,24.99,0
7312,24.99,0
7313,24.99,0
7314,24.99,0
7315,24.99,1
7316,24.99,0
7317,24.99,0
7318,24.99,0
7319,24.99,1
7320,24.99,0
7321,24.99,0
7322,24.99,0
7323,24.99,0
7324,24.99,0
7325,24.99,0
7326,24.99,0
7327,24.99,0
7328,24.99,0
7329,24.99,0
7330,24.99,0
7331,24.99,0
7332,24.99,1
7333,24.99,0
7334,24.99,0
7335,24.99,0
7336,24.99,0
7337,24.99,0
7338,24.99,0
7339,24.99,0
7340,24.99,1
7341,24.99,0
7342,24.99,0
7343,24.99,0
7344,24.99,0
7345,24.99,0
7346,24.99,0
7347,24.99,0
7348,24.99,0
7349,24.99,1
7350,24.99,0
7351,24.99,0
7352,24.99,0
7353,24.99,0
7354,24.99,0
7355,24.99,0
7356,24.99,1
7357,24.99,1
7358,24.99,0
7359,24.99,0
7360,24.99,0
7361,24.99,0
7362,24.99,0
7363,24.99,0
7364,24.99,0
7365,24.99,0
7366,24.99,0
7367,24.99,0
7368,24.99,0
7369,24.99,0
7370,24.99,0
7371,24.99,0
7372,24.99,0
7373,24.99,0
7374,24.99,0
7375,24.99,0
7376,24.99,0
7377,24.99,0
7378,24.99,0
7379,24.99,0
7380,24.99,0
7381,24.99,0
7382,24.99,1
7383,24.99,0
7384,24.99,0
7385,24.99,0
7386,24.99,0
7387,24.99,1
7388,24.99,0
7389,24.99,0
7390,24.99,0
7391,24.99,0
7392,24.99,0
7393,24.99,0
7394,24.99,0
7395,24.99,0
7396,24.99,0
7397,24.99,0
7398,24.99,0
7399,24.99,0
7400,24.99,0
7401,24.99,0
7402,24.99,0
7403,24.99,0
7404,24.99,0
7405,24.99,0
7406,24.99,0
7407,24.99,1
7408,24.99,0
7409,24.99,0
7410,24.99,0
7411,24.99,0
7412,24.99,0
7413,24.99,0
7414,24.99,0
7415,24.99,0
7416,24.99,0
7417,24.99,0
7418,24.99,0
7419,24.99,0
7420,24.99,0
7421,24.99,0
7422,24.99,0
7423,24.99,0
7424,24.99,0
7425,24.99,0
7426,24.99,0
7427,24.99,0
7428,24.99,0
7429,24.99,0
7430,24.99,0
7431,24.99,0
7432,24.99,0
7433,24.99,0
7434,24.99,0
7435,24.99,0
7436,24.99,0
7437,24.99,0
7438,24.99,0
7439,24.99,0
7440,24.99,0
7441,24.99,0
7442,24.99,0
7443,24.99,0
7444,24.99,0
7445,24.99,0
7446,24.99,0
7447,24.99,0
7448,24.99,0
7449,24.99,0
7450,24.99,0
7451,24.99,0
7452,24.99,0
7453,24.99,0
7454,24.99,0
7455,24.99,1
7456,24.99,0
7457,24.99,0
7458,24.99,0
7459,24.99,0
7460,24.99,0
7461,24.99,0
7462,24.99,1
7463,24.99,0
7464,24.99,0
7465,24.99,0
7466,24.99,0
7467,24.99,0
7468,24.99,0
7469,24.99,0
7470,24.99,0
7471,24.99,0
7472,24.99,0
7473,24.99,0
7474,24.99,0
7475,24.99,0
7476,24.99,0
7477,24.99,0
7478,24.99,0
7479,24.99,0
7480,24.99,0
7481,24.99,0
7482,24.99,0
7483,24.99,0
7484,24.99,0
7485,24.99,0
7486,24.99,0
7487,24.99,1
7488,24.99,0
7489,24.99,0
7490,24.99,0
7491,24.99,0
7492,24.99,0
7493,24.99,0
7494,24.99,0
7495,24.99,0
7496,24.99,0
7497,24.99,0
7498,24.99,0
7499,24.99,0
7500,24.99,0
7501,24.99,0
7502,24.99,0
7503,24.99,0
7504,24.99,0
7505,24.99,1
7506,24.99,0
7507,24.99,0
7508,24.99,0
7509,24.99,1
7510,24.99,0
7511,24.99,1
7512,24.99,0
7513,24.99,0
7514,24.99,0
7515,24.99,0
7516,24.99,0
7517,24.99,0
7518,24.99,0
7519,24.99,0
7520,24.99,0
7521,24.99,0
7522,24.99,0
7523,24.99,0
7524,24.99,0
7525,24.99,0
7526,24.99,0
7527,24.99,0
7528,24.99,0
7529,24.99,0
7530,24.99,0
7531,24.99,0
7532,24.99,0
7533,24.99,0
7534,24.99,0
7535,24.99,0
7536,24.99,0
7537,24.99,0
7538,24.99,0
7539,24.99,0
7540,24.99,0
7541,24.99,0
7542,24.99,0
7543,24.99,1
7544,24.99,0
7545,24.99,0
7546,24.99,0
7547,24.99,0
7548,24.99,0
7549,24.99,0
7550,24.99,1
7551,24.99,0
7552,24.99,0
7553,24.99,0
7554,24.99,0
7555,24.99,0
7556,24.99,0
7557,24.99,0
7558,24.99,0
7559,24.99,0
7560,24.99,0
7561,24.99,0
7562,24.99,0
7563,24.99,0
7564,24.99,0
7565,24.99,0
7566,24.99,1
7567,24.99,0
7568,24.99,0
7569,24.99,0
7570,24.99,0
7571,24.99,0
7572,24.99,0
7573,24.99,0
7574,24.99,0
7575,24.99,0
7576,24.99,0
7577,24.99,0
7578,24.99,1
7579,24.99,0
7580,24.99,0
7581,24.99,0
7582,24.99,0
7583,24.99,0
7584,24.99,0
7585,24.99,0
7586,24.99,0
7587,24.99,0
7588,24.99,0
7589,24.99,0
7590,24.99,0
7591,24.99,0
7592,24.99,0
7593,24.99,0
7594,24.99,0
7595,24.99,1
7596,24.99,0
7597,24.99,0
7598,24.99,1
7599,24.99,0
7600,24.99,0
7601,24.99,0
7602,24.99,0
7603,24.99,0
7604,24.99,0
7605,24.99,0
7606,24.99,0
7607,24.99,0
7608,24.99,0
7609,24.99,0
7610,24.99,0
7611,24.99,0
7612,24.99,0
7613,24.99,0
7614,24.99,0
7615,24.99,0
7616,24.99,0
7617,24.99,0
7618,24.99,1
7619,24.99,0
7620,24.99,0
7621,24.99,0
7622,24.99,0
7623,24.99,0
7624,24.99,0
7625,24.99,0
7626,24.99,0
7627,24.99,0
7628,24.99,0
7629,24.99,0
7630,24.99,0
7631,24.99,0
7632,24.99,0
7633,24.99,1
7634,24.99,0
7635,24.99,0
7636,24.99,0
7637,24.99,0
7638,24.99,0
7639,24.99,0
7640,24.99,0
7641,24.99,0
7642,24.99,0
7643,24.99,0
7644,24.99,0
7645,24.99,0
7646,24.99,0
7647,24.99,0
7648,24.99,0
7649,24.99,0
7650,24.99,0
7651,24.99,0
7652,24.99,0
7653,24.99,0
7654,24.99,0
7655,24.99,0
7656,24.99,0
7657,24.99,0
7658,24.99,0
7659,24.99,0
7660,24.99,0
7661,24.99,0
7662,24.99,0
7663,24.99,0
7664,24.99,0
7665,24.99,0
7666,24.99,0
7667,24.99,0
7668,24.99,0
7669,24.99,0
7670,24.99,0
7671,24.99,0
7672,24.99,0
7673,24.99,0
7674,24.99,0
7675,24.99,0
7676,24.99,0
7677,24.99,1
7678,24.99,0
7679,24.99,0
7680,24.99,1
7681,24.99,0
7682,24.99,0
7683,24.99,0
7684,24.99,0
7685,24.99,0
7686,24.99,0
7687,24.99,0
7688,24.99,0
7689,24.99,0
7690,24.99,0
7691,24.99,0
7692,24.99,0
7693,24.99,0
7694,24.99,1
7695,24.99,0
7696,24.99,0
7697,24.99,0
7698,24.99,0
7699,24.99,0
7700,24.99,1
7701,24.99,0
7702,24.99,0
7703,24.99,0
7704,24.99,0
7705,24.99,0
7706,24.99,0
7707,24.99,0
7708,24.99,0
7709,24.99,0
7710,24.99,0
7711,24.99,0
7712,24.99,0
7713,24.99,0
7714,24.99,0
7715,24.99,1
7716,24.99,0
7717,24.99,1
7718,24.99,0
7719,24.99,1
7720,24.99,0
7721,24.99,1
7722,24.99,0
7723,24.99,0
7724,24.99,0
7725,24.99,0
7726,24.99,0
7727,24.99,0
7728,24.99,1
7729,24.99,0
7730,24.99,0
7731,24.99,0
7732,24.99,0
7733,24.99,0
7734,24.99,0
7735,24.99,0
7736,24.99,1
7737,24.99,0
7738,24.99,0
7739,24.99,0
7740,24.99,0
7741,24.99,0
7742,24.99,0
7743,24.99,0
7744,24.99,0
7745,24.99,0
7746,24.99,0
7747,24.99,0
7748,24.99,0
7749,24.99,0
7750,24.99,0
7751,24.99,0
7752,24.99,0
7753,24.99,0
7754,24.99,0
7755,24.99,0
7756,24.99,0
7757,24.99,0
7758,24.99,0
7759,24.99,0
7760,24.99,0
7761,24.99,0
7762,24.99,0
7763,24.99,0
7764,24.99,0
7765,24.99,0
7766,24.99,0
7767,24.99,0
7768,24.99,0
7769,24.99,0
7770,24.99,0
7771,24.99,0
7772,24.99,0
7773,24.99,0
7774,24.99,0
7775,24.99,0
7776,24.99,0
7777,24.99,0
7778,24.99,0
7779,24.99,0
7780,24.99,0
7781,24.99,0
7782,24.99,0
7783,24.99,0
7784,24.99,1
7785,24.99,0
7786,24.99,0
7787,24.99,1
7788,24.99,0
7789,24.99,0
7790,24.99,0
7791,24.99,0
7792,24.99,0
7793,24.99,0
7794,24.99,0
7795,24.99,0
7796,24.99,1
7797,24.99,0
7798,24.99,0
7799,24.99,0
7800,24.99,0
7801,24.99,0
7802,24.99,1
7803,24.99,0
7804,24.99,0
7805,24.99,0
7806,24.99,0
7807,24.99,0
7808,24.99,0
7809,24.99,0
7810,24.99,0
7811,24.99,0
7812,24.99,0
7813,24.99,0
7814,24.99,0
7815,24.99,0
7816,24.99,0
7817,24.99,1
7818,24.99,0
7819,24.99,0
7820,24.99,0
7821,24.99,0
7822,24.99,0
7823,24.99,0
7824,24.99,0
7825,24.99,0
7826,24.99,1
7827,24.99,0
7828,24.99,0
7829,24.99,0
7830,24.99,0
7831,24.99,0
7832,24.99,0
7833,24.99,0
7834,24.99,0
7835,24.99,0
7836,24.99,0
7837,24.99,0
7838,24.99,0
7839,24.99,0
7840,24.99,0
7841,24.99,0
7842,24.99,0
7843,24.99,0
7844,24.99,0
7845,24.99,0
7846,24.99,0
7847,24.99,0
7848,24.99,0
7849,24.99,0
7850,24.99,0
7851,24.99,0
7852,24.99,0
7853,24.99,0
7854,24.99,0
7855,24.99,0
7856,24.99,0
7857,24.99,0
7858,24.99,0
7859,24.99,0
7860,24.99,0
7861,24.99,0
7862,24.99,0
7863,24.99,0
7864,24.99,0
7865,24.99,1
7866,24.99,0
7867,24.99,0
7868,24.99,0
7869,24.99,0
7870,24.99,0
7871,24.99,0
7872,24.99,1
7873,24.99,0
7874,24.99,0
7875,24.99,0
7876,24.99,0
7877,24.99,0
7878,24.99,0
7879,24.99,0
7880,24.99,0
7881,24.99,0
7882,24.99,0
7883,24.99,0
7884,24.99,0
7885,24.99,0
7886,24.99,0
7887,24.99,0
7888,24.99,0
7889,24.99,0
7890,24.99,0
7891,24.99,0
7892,24.99,0
7893,24.99,0
7894,24.99,0
7895,24.99,0
7896,24.99,0
7897,24.99,0
7898,24.99,0
7899,24.99,0
7900,24.99,0
7901,24.99,0
7902,24.99,0
7903,24.99,0
7904,24.99,0
7905,24.99,1
7906,24.99,0
7907,24.99,0
7908,24.99,0
7909,24.99,0
7910,24.99,0
7911,24.99,0
7912,24.99,0
7913,24.99,0
7914,24.99,0
7915,24.99,0
7916,24.99,0
7917,24.99,0
7918,24.99,0
7919,24.99,0
7920,24.99,0
7921,24.99,0
7922,24.99,0
7923,24.99,0
7924,24.99,1
7925,24.99,0
7926,24.99,0
7927,24.99,0
7928,24.99,0
7929,24.99,0
7930,24.99,0
7931,24.99,0
7932,24.99,0
7933,24.99,0
7934,24.99,0
7935,24.99,0
7936,24.99,0
7937,24.99,0
7938,24.99,0
7939,24.99,0
7940,24.99,0
7941,24.99,0
7942,24.99,0
7943,24.99,0
7944,24.99,0
7945,24.99,0
7946,24.99,0
7947,24.99,0
7948,24.99,1
7949,24.99,0
7950,24.99,1
7951,24.99,0
7952,24.99,0
7953,24.99,0
7954,24.99,0
7955,24.99,0
7956,24.99,0
7957,24.99,0
7958,24.99,0
7959,24.99,0
7960,24.99,0
7961,24.99,0
7962,24.99,0
7963,24.99,0
7964,24.99,0
7965,24.99,0
7966,24.99,0
7967,24.99,0
7968,24.99,0
7969,24.99,0
7970,24.99,1
7971,24.99,0
7972,24.99,0
7973,24.99,0
7974,24.99,0
7975,24.99,0
7976,24.99,1
7977,24.99,0
7978,24.99,0
7979,24.99,0
7980,24.99,0
7981,24.99,0
7982,24.99,0
7983,24.99,0
7984,24.99,0
7985,24.99,0
7986,24.99,0
7987,24.99,0
7988,24.99,0
7989,24.99,0
7990,24.99,0
7991,24.99,0
7992,24.99,0
7993,24.99,0
7994,24.99,0
7995,24.99,0
7996,24.99,0
7997,24.99,0
7998,24.99,0
7999,24.99,0
8000,24.99,0
8001,24.99,0
8002,24.99,0
8003,24.99,1
8004,24.99,0
8005,24.99,0
8006,24.99,0
8007,24.99,0
8008,24.99,0
8009,24.99,0
8010,24.99,0
8011,24.99,0
8012,24.99,0
8013,24.99,0
8014,24.99,0
8015,24.99,0
8016,24.99,0
8017,24.99,0
8018,24.99,0
8019,24.99,0
8020,24.99,0
8021,24.99,0
8022,24.99,0
8023,24.99,0
8024,24.99,0
8025,24.99,0
8026,24.99,0
8027,24.99,0
8028,24.99,0
8029,24.99,0
8030,24.99,0
8031,24.99,0
8032,24.99,0
8033,24.99,0
8034,24.99,0
8035,24.99,0
8036,24.99,0
8037,24.99,0
8038,24.99,0
8039,24.99,1
8040,24.99,1
8041,24.99,0
8042,24.99,0
8043,24.99,0
8044,24.99,0
8045,24.99,0
8046,24.99,0
8047,24.99,0
8048,24.99,0
8049,24.99,0
8050,24.99,0
8051,24.99,0
8052,24.99,1
8053,24.99,0
8054,24.99,0
8055,24.99,0
8056,24.99,0
8057,24.99,0
8058,24.99,0
8059,24.99,0
8060,24.99,0
8061,24.99,0
8062,24.99,1
8063,24.99,0
8064,24.99,1
8065,24.99,0
8066,24.99,0
8067,24.99,0
8068,24.99,0
8069,24.99,0
8070,24.99,0
8071,24.99,0
8072,24.99,0
8073,24.99,0
8074,24.99,0
8075,24.99,0
8076,24.99,0
8077,24.99,0
8078,24.99,0
8079,24.99,0
8080,24.99,0
8081,24.99,0
8082,24.99,0
8083,24.99,0
8084,24.99,0
8085,24.99,0
8086,24.99,1
8087,24.99,0
8088,24.99,0
8089,24.99,0
8090,24.99,0
8091,24.99,0
8092,24.99,0
8093,24.99,1
8094,24.99,0
8095,24.99,0
8096,24.99,0
8097,24.99,0
8098,24.99,0
8099,24.99,0
8100,24.99,0
8101,24.99,1
8102,24.99,0
8103,24.99,0
8104,24.99,0
8105,24.99,0
8106,24.99,0
8107,24.99,0
8108,24.99,0
8109,24.99,0
8110,24.99,0
8111,24.99,0
8112,24.99,1
8113,24.99,0
8114,24.99,0
8115,24.99,0
8116,24.99,0
8117,24.99,0
8118,24.99,0
8119,24.99,0
8120,24.99,0
8121,24.99,0
8122,24.99,0
8123,24.99,0
8124,24.99,0
8125,24.99,0
8126,24.99,0
8127,24.99,1
8128,24.99,0
8129,24.99,0
8130,24.99,0
8131,24.99,0
8132,24.99,1
8133,24.99,0
8134,24.99,0
8135,24.99,0
8136,24.99,0
8137,24.99,1
8138,24.99,0
8139,24.99,0
8140,24.99,0
8141,24.99,0
8142,24.99,0
8143,24.99,0
8144,24.99,1
8145,24.99,0
8146,24.99,0
8147,24.99,1
8148,24.99,0
8149,24.99,0
8150,24.99,0
8151,24.99,0
8152,24.99,0
8153,24.99,1
8154,24.99,0
8155,24.99,0
8156,24.99,0
8157,24.99,0
8158,24.99,0
8159,24.99,0
8160,24.99,1
8161,24.99,0
8162,24.99,0
8163,24.99,0
8164,24.99,0
8165,24.99,0
8166,24.99,0
8167,24.99,0
8168,24.99,0
8169,24.99,0
8170,24.99,0
8171,24.99,0
8172,24.99,0
8173,24.99,0
8174,24.99,0
8175,24.99,0
8176,24.99,0
8177,24.99,0
8178,24.99,0
8179,24.99,0
8180,24.99,0
8181,24.99,0
8182,24.99,0
8183,24.99,1
8184,24.99,0
8185,24.99,0
8186,24.99,0
8187,24.99,1
8188,24.99,0
8189,24.99,0
8190,24.99,0
8191,24.99,0
8192,24.99,0
8193,24.99,0
8194,24.99,0
8195,24.99,0
8196,24.99,0
8197,24.99,0
8198,24.99,0
8199,24.99,0
8200,24.99,0
8201,24.99,0
8202,24.99,1
8203,24.99,0
8204,24.99,0
8205,24.99,0
8206,24.99,0
8207,24.99,0
8208,24.99,0
8209,24.99,0
8210,24.99,0
8211,24.99,0
8212,24.99,0
8213,24.99,0
8214,24.99,0
8215,24.99,0
8216,24.99,0
8217,24.99,0
8218,24.99,0
8219,24.99,0
8220,24.99,0
8221,24.99,0
8222,24.99,0
8223,24.99,0
8224,24.99,0
8225,24.99,0
8226,24.99,0
8227,24.99,0
8228,24.99,0
8229,24.99,0
8230,24.99,0
8231,24.99,0
8232,24.99,0
8233,24.99,0
8234,24.99,0
8235,24.99,0
8236,24.99,0
8237,24.99,0
8238,24.99,0
8239,24.99,0
8240,24.99,0
8241,24.99,0
8242,24.99,0
8243,24.99,0
8244,24.99,0
8245,24.99,0
8246,24.99,0
8247,24.99,0
8248,24.99,1
8249,24.99,0
8250,24.99,1
8251,24.99,1
8252,24.99,0
8253,24.99,0
8254,24.99,0
8255,24.99,0
8256,24.99,0
8257,24.99,1
8258,24.99,0
8259,24.99,0
8260,24.99,0
8261,24.99,0
8262,24.99,0
8263,24.99,0
8264,24.99,0
8265,24.99,0
8266,24.99,0
8267,24.99,0
8268,24.99,0
8269,24.99,0
8270,24.99,0
8271,24.99,0
8272,24.99,0
8273,24.99,0
8274,24.99,0
8275,24.99,0
8276,24.99,0
8277,24.99,0
8278,24.99,0
8279,24.99,0
8280,24.99,0
8281,24.99,1
8282,24.99,0
8283,24.99,0
8284,24.99,0
8285,24.99,0
8286,24.99,0
8287,24.99,0
8288,24.99,0
8289,24.99,0
8290,24.99,1
8291,24.99,0
8292,24.99,0
8293,24.99,0
8294,24.99,0
8295,24.99,0
8296,24.99,0
8297,24.99,0
8298,24.99,0
8299,24.99,0
8300,24.99,0
8301,24.99,0
8302,24.99,0
8303,24.99,0
8304,24.99,0
8305,24.99,0
8306,24.99,0
8307,24.99,0
8308,24.99,0
8309,24.99,0
8310,24.99,0
8311,24.99,0
8312,24.99,0
8313,24.99,0
8314,24.99,0
8315,24.99,0
8316,24.99,0
8317,24.99,0
8318,24.99,0
8319,24.99,0
8320,24.99,0
8321,24.99,0
8322,24.99,0
8323,24.99,0
8324,24.99,0
8325,24.99,0
8326,24.99,0
8327,24.99,0
8328,24.99,0
8329,24.99,0
8330,24.99,0
8331,24.99,0
8332,24.99,0
8333,24.99,0
8334,24.99,0
8335,24.99,0
8336,24.99,1
8337,24.99,0
8338,24.99,0
8339,24.99,0
8340,24.99,0
8341,24.99,0
8342,24.99,0
8343,24.99,0
8344,24.99,1
8345,24.99,0
8346,24.99,0
8347,24.99,0
8348,24.99,0
8349,24.99,0
8350,24.99,0
8351,24.99,0
8352,24.99,0
8353,24.99,0
8354,24.99,0
8355,24.99,0
8356,24.99,0
8357,24.99,0
8358,24.99,0
8359,24.99,0
8360,24.99,0
8361,24.99,0
8362,24.99,0
8363,24.99,0
8364,24.99,0
8365,24.99,0
8366,24.99,0
8367,24.99,0
8368,24.99,0
8369,24.99,0
8370,24.99,0
8371,24.99,0
8372,24.99,0
8373,24.99,0
8374,24.99,0
8375,24.99,0
8376,24.99,0
8377,24.99,0
8378,24.99,0
8379,24.99,0
8380,24.99,0
8381,24.99,0
8382,24.99,0
8383,24.99,0
8384,24.99,0
8385,24.99,0
8386,24.99,1
8387,24.99,0
8388,24.99,0
8389,24.99,0
8390,24.99,0
8391,24.99,0
8392,24.99,1
8393,24.99,0
8394,24.99,0
8395,24.99,0
8396,24.99,0
8397,24.99,0
8398,24.99,0
8399,24.99,1
8400,24.99,0
8401,24.99,1
8402,24.99,0
8403,24.99,0
8404,24.99,0
8405,24.99,0
8406,24.99,0
8407,24.99,0
8408,24.99,0
8409,24.99,0
8410,24.99,0
8411,24.99,1
8412,24.99,0
8413,24.99,0
8414,24.99,0
8415,24.99,0
8416,24.99,0
8417,24.99,0
8418,24.99,0
8419,24.99,0
8420,24.99,0
8421,24.99,0
8422,24.99,0
8423,24.99,0
8424,24.99,0
8425,24.99,0
8426,24.99,0
8427,24.99,1
8428,24.99,0
8429,24.99,0
8430,24.99,0
8431,24.99,0
8432,24.99,0
8433,24.99,0
8434,24.99,1
8435,24.99,0
8436,24.99,0
8437,24.99,0
8438,24.99,0
8439,24.99,0
8440,24.99,0
8441,24.99,0
8442,24.99,0
8443,24.99,0
8444,24.99,0
8445,24.99,0
8446,24.99,0
8447,24.99,0
8448,24.99,0
8449,24.99,0
8450,24.99,0
8451,24.99,0
8452,24.99,0
8453,24.99,0
8454,24.99,1
8455,24.99,0
8456,24.99,0
8457,24.99,0
8458,24.99,1
8459,24.99,0
8460,24.99,1
8461,24.99,0
8462,24.99,0
8463,24.99,0
8464,24.99,1
8465,24.99,0
8466,24.99,0
8467,24.99,0
8468,24.99,0
8469,24.99,0
8470,24.99,0
8471,24.99,0
8472,24.99,0
8473,24.99,0
8474,24.99,0
8475,24.99,0
8476,24.99,0
8477,24.99,0
8478,24.99,0
8479,24.99,1
8480,24.99,0
8481,24.99,0
8482,24.99,1
8483,24.99,1
8484,24.99,0
8485,24.99,0
8486,24.99,0
8487,24.99,0
8488,24.99,0
8489,24.99,0
8490,24.99,0
8491,24.99,0
8492,24.99,0
8493,24.99,1
8494,24.99,0
8495,24.99,1
8496,24.99,1
8497,24.99,0
8498,24.99,0
8499,24.99,0
8500,24.99,0
8501,24.99,0
8502,24.99,0
8503,24.99,1
8504,24.99,0
8505,24.99,0
8506,24.99,0
8507,24.99,0
8508,24.99,1
8509,24.99,0
8510,24.99,0
8511,24.99,0
8512,24.99,0
8513,24.99,0
8514,24.99,0
8515,24.99,0
8516,24.99,1
8517,24.99,1
8518,24.99,0
8519,24.99,0
8520,24.99,0
8521,24.99,0
8522,24.99,0
8523,24.99,0
8524,24.99,0
8525,24.99,0
8526,24.99,0
8527,24.99,0
8528,24.99,0
8529,24.99,0
8530,24.99,0
8531,24.99,0
8532,24.99,0
8533,24.99,0
8534,24.99,0
8535,24.99,0
8536,24.99,0
8537,24.99,0
8538,24.99,0
8539,24.99,0
8540,24.99,0
8541,24.99,0
8542,24.99,0
8543,24.99,0
8544,24.99,0
8545,24.99,0
8546,24.99,0
8547,24.99,0
8548,24.99,0
8549,24.99,0
8550,24.99,1
8551,24.99,0
8552,24.99,0
8553,24.99,0
8554,24.99,0
8555,24.99,0
8556,24.99,0
8557,24.99,0
8558,24.99,0
8559,24.99,0
8560,24.99,0
8561,24.99,0
8562,24.99,0
8563,24.99,0
8564,24.99,0
8565,24.99,0
8566,24.99,1
8567,24.99,0
8568,24.99,0
8569,24.99,0
8570,24.99,0
8571,24.99,0
8572,24.99,0
8573,24.99,0
8574,24.99,0
8575,24.99,0
8576,24.99,0
8577,24.99,0
8578,24.99,0
8579,24.99,0
8580,24.99,0
8581,24.99,0
8582,24.99,0
8583,24.99,0
8584,24.99,0
8585,24.99,0
8586,24.99,0
8587,24.99,0
8588,24.99,0
8589,24.99,0
8590,24.99,0
8591,24.99,0
8592,24.99,0
8593,24.99,0
8594,24.99,0
8595,24.99,0
8596,24.99,0
8597,24.99,0
8598,24.99,0
8599,24.99,0
8600,24.99,0
8601,24.99,0
8602,24.99,0
8603,24.99,0
8604,24.99,0
8605,24.99,0
8606,24.99,0
8607,24.99,0
8608,24.99,0
8609,24.99,0
8610,24.99,0
8611,24.99,1
8612,24.99,1
8613,24.99,0
8614,24.99,0
8615,24.99,1
8616,24.99,1
8617,24.99,0
8618,24.99,0
8619,24.99,0
8620,24.99,1
8621,24.99,0
8622,24.99,0
8623,24.99,0
8624,24.99,0
8625,24.99,0
8626,24.99,0
8627,24.99,0
8628,24.99,0
8629,24.99,0
8630,24.99,0
8631,24.99,0
8632,24.99,0
8633,24.99,0
8634,24.99,0
8635,24.99,0
8636,24.99,0
8637,24.99,0
8638,24.99,0
8639,24.99,0
8640,24.99,0
8641,24.99,0
8642,24.99,0
8643,24.99,0
8644,24.99,0
8645,24.99,0
8646,24.99,0
8647,24.99,0
8648,24.99,0
8649,24.99,0
8650,24.99,0
8651,24.99,0
8652,24.99,0
8653,24.99,0
8654,24.99,0
8655,24.99,0
8656,24.99,0
8657,24.99,0
8658,24.99,0
8659,24.99,0
8660,24.99,0
8661,24.99,0
8662,24.99,0
8663,24.99,0
8664,24.99,0
8665,24.99,0
8666,24.99,0
8667,24.99,0
8668,24.99,0
8669,24.99,0
8670,24.99,1
8671,24.99,0
8672,24.99,0
8673,24.99,0
8674,24.99,0
8675,24.99,0
8676,24.99,0
8677,24.99,0
8678,24.99,0
8679,24.99,0
8680,24.99,0
8681,24.99,0
8682,24.99,0
8683,24.99,0
8684,24.99,0
8685,24.99,0
8686,24.99,0
8687,24.99,0
8688,24.99,0
8689,24.99,0
8690,24.99,0
8691,24.99,0
8692,24.99,0
8693,24.99,0
8694,24.99,0
8695,24.99,0
8696,24.99,1
8697,24.99,0
8698,24.99,0
8699,24.99,0
8700,24.99,1
8701,24.99,0
8702,24.99,0
8703,24.99,0
8704,24.99,0
8705,24.99,0
8706,24.99,0
8707,24.99,0
8708,24.99,0
8709,24.99,0
8710,24.99,0
8711,24.99,0
8712,24.99,0
8713,24.99,0
8714,24.99,0
8715,24.99,0
8716,24.99,0
8717,24.99,0
8718,24.99,0
8719,24.99,0
8720,24.99,0
8721,24.99,0
8722,24.99,0
8723,24.99,0
8724,24.99,0
8725,24.99,0
8726,24.99,0
8727,24.99,0
8728,24.99,0
8729,24.99,0
8730,24.99,0
8731,24.99,0
8732,24.99,0
8733,24.99,0
8734,24.99,0
8735,24.99,1
8736,24.99,0
8737,24.99,0
8738,24.99,0
8739,24.99,0
8740,24.99,0
8741,24.99,0
8742,24.99,0
8743,24.99,0
8744,24.99,0
8745,24.99,0
8746,24.99,0
8747,24.99,0
8748,24.99,0
8749,24.99,0
8750,24.99,0
8751,24.99,0
8752,24.99,0
8753,24.99,0
8754,24.99,1
8755,24.99,0
8756,24.99,0
8757,24.99,0
8758,24.99,0
8759,24.99,0
8760,24.99,0
8761,24.99,0
8762,24.99,0
8763,24.99,0
8764,24.99,0
8765,24.99,0
8766,24.99,0
8767,24.99,0
8768,24.99,0
8769,24.99,0
8770,24.99,0
8771,24.99,0
8772,24.99,0
8773,24.99,0
8774,24.99,1
8775,24.99,0
8776,24.99,1
8777,24.99,0
8778,24.99,0
8779,24.99,0
8780,24.99,0
8781,24.99,0
8782,24.99,0
8783,24.99,0
8784,24.99,0
8785,24.99,0
8786,24.99,0
8787,24.99,0
8788,24.99,0
8789,24.99,0
8790,24.99,0
8791,24.99,0
8792,24.99,0
8793,24.99,0
8794,24.99,0
8795,24.99,0
8796,24.99,0
8797,24.99,0
8798,24.99,0
8799,24.99,0
8800,24.99,0
8801,24.99,0
8802,24.99,0
8803,24.99,1
8804,24.99,0
8805,24.99,0
8806,24.99,0
8807,24.99,0
8808,24.99,0
8809,24.99,0
8810,24.99,0
8811,24.99,0
8812,24.99,0
8813,24.99,0
8814,24.99,0
8815,24.99,0
8816,24.99,0
8817,24.99,0
8818,24.99,0
8819,24.99,0
8820,24.99,0
8821,24.99,1
8822,24.99,0
8823,24.99,0
8824,24.99,0
8825,24.99,0
8826,24.99,0
8827,24.99,0
8828,24.99,0
8829,24.99,0
8830,24.99,0
8831,24.99,0
8832,24.99,0
8833,24.99,0
8834,24.99,1
8835,24.99,0
8836,24.99,0
8837,24.99,0
8838,24.99,1
8839,24.99,0
8840,24.99,0
8841,24.99,0
8842,24.99,0
8843,24.99,0
8844,24.99,0
8845,24.99,0
8846,24.99,1
8847,24.99,0
8848,24.99,0
8849,24.99,0
8850,24.99,1
8851,24.99,0
8852,24.99,0
8853,24.99,0
8854,24.99,0
8855,24.99,0
8856,24.99,0
8857,24.99,0
8858,24.99,0
8859,24.99,0
8860,24.99,0
8861,24.99,0
8862,24.99,0
8863,24.99,0
8864,24.99,0
8865,24.99,0
8866,24.99,0
8867,24.99,0
8868,24.99,0
8869,24.99,0
8870,24.99,1
8871,24.99,0
8872,24.99,0
8873,24.99,0
8874,24.99,1
8875,24.99,0
8876,24.99,0
8877,24.99,0
8878,24.99,0
8879,24.99,0
8880,24.99,0
8881,24.99,0
8882,24.99,0
8883,24.99,0
8884,24.99,0
8885,24.99,0
8886,24.99,0
8887,24.99,0
8888,24.99,0
8889,24.99,0
8890,24.99,0
8891,24.99,0
8892,24.99,1
8893,24.99,0
8894,24.99,0
8895,24.99,0
8896,24.99,0
8897,24.99,0
8898,24.99,0
8899,24.99,1
8900,24.99,0
8901,24.99,1
8902,24.99,0
8903,24.99,0
8904,24.99,0
8905,24.99,0
8906,24.99,0
8907,24.99,0
8908,24.99,0
8909,24.99,1
8910,24.99,0
8911,24.99,0
8912,24.99,0
8913,24.99,0
8914,24.99,0
8915,24.99,0
8916,24.99,0
8917,24.99,0
8918,24.99,0
8919,24.99,0
8920,24.99,0
8921,24.99,0
8922,24.99,0
8923,24.99,0
8924,24.99,0
8925,24.99,0
8926,24.99,0
8927,24.99,0
8928,24.99,0
8929,24.99,1
8930,24.99,0
8931,24.99,0
8932,24.99,0
8933,24.99,0
8934,24.99,0
8935,24.99,0
8936,24.99,0
8937,24.99,0
8938,24.99,0
8939,24.99,0
8940,24.99,0
8941,24.99,0
8942,24.99,0
8943,24.99,1
8944,24.99,0
8945,24.99,0
8946,24.99,0
8947,24.99,1
8948,24.99,0
8949,24.99,0
8950,24.99,0
8951,24.99,0
8952,24.99,0
8953,24.99,0
8954,24.99,0
8955,24.99,0
8956,24.99,0
8957,24.99,0
8958,24.99,0
8959,24.99,0
8960,24.99,0
8961,24.99,0
8962,24.99,0
8963,24.99,0
8964,24.99,0
8965,24.99,0
8966,24.99,0
8967,24.99,0
8968,24.99,0
8969,24.99,0
8970,24.99,0
8971,24.99,0
8972,24.99,0
8973,24.99,0
8974,24.99,0
8975,24.99,0
8976,24.99,0
8977,24.99,0
8978,24.99,0
8979,24.99,0
8980,24.99,0
8981,24.99,0
8982,24.99,0
8983,24.99,0
8984,24.99,0
8985,24.99,0
8986,24.99,0
8987,24.99,1
8988,24.99,0
8989,24.99,0
8990,24.99,0
8991,24.99,0
8992,24.99,0
8993,24.99,0
8994,24.99,0
8995,24.99,0
8996,24.99,0
8997,24.99,1
8998,24.99,0
8999,24.99,1
9000,24.99,1
9001,24.99,0
9002,24.99,0
9003,24.99,0
9004,24.99,0
9005,24.99,0
9006,24.99,0
9007,24.99,0
9008,24.99,0
9009,24.99,0
9010,24.99,0
9011,24.99,0
9012,24.99,0
9013,24.99,0
9014,24.99,0
9015,24.99,0
9016,24.99,0
9017,24.99,0
9018,24.99,0
9019,24.99,0
9020,24.99,0
9021,24.99,0
9022,24.99,0
9023,24.99,0
9024,24.99,0
9025,24.99,0
9026,24.99,0
9027,24.99,0
9028,24.99,1
9029,24.99,0
9030,24.99,0
9031,24.99,0
9032,24.99,0
9033,24.99,0
9034,24.99,0
9035,24.99,0
9036,24.99,0
9037,24.99,0
9038,24.99,0
9039,24.99,0
9040,24.99,0
9041,24.99,0
9042,24.99,1
9043,24.99,0
9044,24.99,0
9045,24.99,0
9046,24.99,0
9047,24.99,0
9048,24.99,1
9049,24.99,0
9050,24.99,0
9051,24.99,0
9052,24.99,0
9053,24.99,0
9054,24.99,0
9055,24.99,1
9056,24.99,0
9057,24.99,0
9058,24.99,0
9059,24.99,0
9060,24.99,1
9061,24.99,0
9062,24.99,0
9063,24.99,0
9064,24.99,0
9065,24.99,0
9066,24.99,0
9067,24.99,0
9068,24.99,0
9069,24.99,0
9070,24.99,0
9071,24.99,0
9072,24.99,0
9073,24.99,0
9074,24.99,0
9075,24.99,0
9076,24.99,0
9077,24.99,0
9078,24.99,0
9079,24.99,0
9080,24.99,0
9081,24.99,0
9082,24.99,0
9083,24.99,0
9084,24.99,0
9085,24.99,0
9086,24.99,0
9087,24.99,1
9088,24.99,0
9089,24.99,0
9090,24.99,0
9091,24.99,0
9092,24.99,0
9093,24.99,0
9094,24.99,0
9095,24.99,0
9096,24.99,0
9097,24.99,0
9098,24.99,1
9099,24.99,0
9100,24.99,0
9101,24.99,0
9102,24.99,0
9103,24.99,0
9104,24.99,0
9105,24.99,0
9106,24.99,0
9107,24.99,0
9108,24.99,0
9109,24.99,0
9110,24.99,1
9111,24.99,0
9112,24.99,0
9113,24.99,0
9114,24.99,0
9115,24.99,0
9116,24.99,0
9117,24.99,1
9118,24.99,1
9119,24.99,0
9120,24.99,0
9121,24.99,0
9122,24.99,0
9123,24.99,0
9124,24.99,0
9125,24.99,1
9126,24.99,0
9127,24.99,0
9128,24.99,0
9129,24.99,1
9130,24.99,0
9131,24.99,0
9132,24.99,0
9133,24.99,0
9134,24.99,0
9135,24.99,0
9136,24.99,0
9137,24.99,0
9138,24.99,0
9139,24.99,0
9140,24.99,0
9141,24.99,0
9142,24.99,1
9143,24.99,0
9144,24.99,0
9145,24.99,0
9146,24.99,0
9147,24.99,0
9148,24.99,0
9149,24.99,0
9150,24.99,0
9151,24.99,0
9152,24.99,0
9153,24.99,0
9154,24.99,0
9155,24.99,0
9156,24.99,1
9157,24.99,0
9158,24.99,0
9159,24.99,0
9160,24.99,0
9161,24.99,0
9162,24.99,0
9163,24.99,0
9164,24.99,1
9165,24.99,0
9166,24.99,0
9167,24.99,0
9168,24.99,0
9169,24.99,0
9170,24.99,0
9171,24.99,0
9172,24.99,0
9173,24.99,0
9174,24.99,0
9175,24.99,0
9176,24.99,0
9177,24.99,0
9178,24.99,0
9179,24.99,0
9180,24.99,0
9181,24.99,0
9182,24.99,0
9183,24.99,0
9184,24.99,0
9185,24.99,0
9186,24.99,0
9187,24.99,0
9188,24.99,1
9189,24.99,0
9190,24.99,0
9191,24.99,0
9192,24.99,1
9193,24.99,0
9194,24.99,0
9195,24.99,0
9196,24.99,0
9197,24.99,1
9198,24.99,0
9199,24.99,0
9200,24.99,1
9201,24.99,0
9202,24.99,0
9203,24.99,0
9204,24.99,1
9205,24.99,0
9206,24.99,0
9207,24.99,0
9208,24.99,0
9209,24.99,0
9210,24.99,0
9211,24.99,1
9212,24.99,0
9213,24.99,0
9214,24.99,0
9215,24.99,0
9216,24.99,0
9217,24.99,1
9218,24.99,0
9219,24.99,0
9220,24.99,0
9221,24.99,0
9222,24.99,0
9223,24.99,0
9224,24.99,0
9225,24.99,1
9226,24.99,0
9227,24.99,0
9228,24.99,0
9229,24.99,0
9230,24.99,0
9231,24.99,0
9232,24.99,1
9233,24.99,0
9234,24.99,0
9235,24.99,0
9236,24.99,0
9237,24.99,0
9238,24.99,0
9239,24.99,0
9240,24.99,0
9241,24.99,0
9242,24.99,0
9243,24.99,0
9244,24.99,0
9245,24.99,1
9246,24.99,0
9247,24.99,0
9248,24.99,0
9249,24.99,0
9250,24.99,0
9251,24.99,0
9252,24.99,0
9253,24.99,0
9254,24.99,0
9255,24.99,0
9256,24.99,0
9257,24.99,0
9258,24.99,0
9259,24.99,0
9260,24.99,0
9261,24.99,0
9262,24.99,0
9263,24.99,0
9264,24.99,0
9265,24.99,0
9266,24.99,0
9267,24.99,0
9268,24.99,0
9269,24.99,0
9270,24.99,0
9271,24.99,0
9272,24.99,0
9273,24.99,0
9274,24.99,0
9275,24.99,0
9276,24.99,0
9277,24.99,0
9278,24.99,0
9279,24.99,0
9280,24.99,0
9281,24.99,1
9282,24.99,0
9283,24.99,0
9284,24.99,0
9285,24.99,0
9286,24.99,0
9287,24.99,0
9288,24.99,0
9289,24.99,0
9290,24.99,0
9291,24.99,0
9292,24.99,0
9293,24.99,0
9294,24.99,1
9295,24.99,0
9296,24.99,0
9297,24.99,0
9298,24.99,1
9299,24.99,0
9300,24.99,0
9301,24.99,0
9302,24.99,0
9303,24.99,0
9304,24.99,0
9305,24.99,0
9306,24.99,0
9307,24.99,0
9308,24.99,0
9309,24.99,0
9310,24.99,0
9311,24.99,0
9312,24.99,0
9313,24.99,0
9314,24.99,0
9315,24.99,0
9316,24.99,0
9317,24.99,0
9318,24.99,0
9319,24.99,0
9320,24.99,0
9321,24.99,0
9322,24.99,0
9323,24.99,0
9324,24.99,0
9325,24.99,1
9326,24.99,0
9327,24.99,0
9328,24.99,0
9329,24.99,0
9330,24.99,0
9331,24.99,0
9332,24.99,0
9333,24.99,0
9334,24.99,0
9335,24.99,0
9336,24.99,0
9337,24.99,1
9338,24.99,0
9339,24.99,0
9340,24.99,0
9341,24.99,0
9342,24.99,0
9343,24.99,0
9344,24.99,0
9345,24.99,1
9346,24.99,0
9347,24.99,0
9348,24.99,0
9349,24.99,0
9350,24.99,0
9351,24.99,0
9352,24.99,0
9353,24.99,0
9354,24.99,0
9355,24.99,0
9356,24.99,0
9357,24.99,0
9358,24.99,0
9359,24.99,0
9360,24.99,0
9361,24.99,0
9362,24.99,0
9363,24.99,0
9364,24.99,0
9365,24.99,0
9366,24.99,0
9367,24.99,0
9368,24.99,0
9369,24.99,0
9370,24.99,0
9371,24.99,0
9372,24.99,0
9373,24.99,0
9374,24.99,0
9375,24.99,0
9376,24.99,0
9377,24.99,0
9378,24.99,0
9379,24.99,0
9380,24.99,0
9381,24.99,0
9382,24.99,0
9383,24.99,0
9384,24.99,0
9385,24.99,0
9386,24.99,1
9387,24.99,0
9388,24.99,0
9389,24.99,0
9390,24.99,1
9391,24.99,1
9392,24.99,0
9393,24.99,0
9394,24.99,0
9395,24.99,0
9396,24.99,0
9397,24.99,0
9398,24.99,0
9399,24.99,0
9400,24.99,0
9401,24.99,0
9402,24.99,0
9403,24.99,0
9404,24.99,0
9405,24.99,0
9406,24.99,0
9407,24.99,0
9408,24.99,0
9409,24.99,0
9410,24.99,0
9411,24.99,0
9412,24.99,0
9413,24.99,0
9414,24.99,0
9415,24.99,0
9416,24.99,0
9417,24.99,0
9418,24.99,0
9419,24.99,0
9420,24.99,1
9421,24.99,0
9422,24.99,0
9423,24.99,0
9424,24.99,1
9425,24.99,0
9426,24.99,0
9427,24.99,0
9428,24.99,0
9429,24.99,0
9430,24.99,0
9431,24.99,0
9432,24.99,0
9433,24.99,0
9434,24.99,0
9435,24.99,0
9436,24.99,0
9437,24.99,0
9438,24.99,0
9439,24.99,0
9440,24.99,0
9441,24.99,0
9442,24.99,0
9443,24.99,0
9444,24.99,0
9445,24.99,0
9446,24.99,1
9447,24.99,0
9448,24.99,0
9449,24.99,0
9450,24.99,0
9451,24.99,0
9452,24.99,0
9453,24.99,0
9454,24.99,0
9455,24.99,0
9456,24.99,0
9457,24.99,0
9458,24.99,0
9459,24.99,0
9460,24.99,0
9461,24.99,0
9462,24.99,0
9463,24.99,0
9464,24.99,0
9465,24.99,1
9466,24.99,1
9467,24.99,0
9468,24.99,0
9469,24.99,0
9470,24.99,0
9471,24.99,0
9472,24.99,0
9473,24.99,0
9474,24.99,1
9475,24.99,0
9476,24.99,1
9477,24.99,0
9478,24.99,0
9479,24.99,0
9480,24.99,0
9481,24.99,0
9482,24.99,0
9483,24.99,0
9484,24.99,0
9485,24.99,0
9486,24.99,0
9487,24.99,0
9488,24.99,0
9489,24.99,0
9490,24.99,0
9491,24.99,0
9492,24.99,0
9493,24.99,0
9494,24.99,0
9495,24.99,0
9496,24.99,0
9497,24.99,0
9498,24.99,1
9499,24.99,0
9500,24.99,0
9501,24.99,0
9502,24.99,0
9503,24.99,1
9504,24.99,0
9505,24.99,0
9506,24.99,0
9507,24.99,0
9508,24.99,0
9509,24.99,0
9510,24.99,0
9511,24.99,0
9512,24.99,0
9513,24.99,0
9514,24.99,0
9515,24.99,0
9516,24.99,0
9517,24.99,0
9518,24.99,0
9519,24.99,0
9520,24.99,0
9521,24.99,0
9522,24.99,1
9523,24.99,0
9524,24.99,0
9525,24.99,0
9526,24.99,0
9527,24.99,0
9528,24.99,1
9529,24.99,1
9530,24.99,0
9531,24.99,1
9532,24.99,0
9533,24.99,0
9534,24.99,0
9535,24.99,0
9536,24.99,0
9537,24.99,0
9538,24.99,0
9539,24.99,0
9540,24.99,0
9541,24.99,0
9542,24.99,0
9543,24.99,0
9544,24.99,0
9545,24.99,0
9546,24.99,0
9547,24.99,0
9548,24.99,0
9549,24.99,1
9550,24.99,0
9551,24.99,1
9552,24.99,0
9553,24.99,0
9554,24.99,0
9555,24.99,0
9556,24.99,0
9557,24.99,0
9558,24.99,0
9559,24.99,0
9560,24.99,0
9561,24.99,0
9562,24.99,0
9563,24.99,0
9564,24.99,0
9565,24.99,0
9566,24.99,0
9567,24.99,0
9568,24.99,0
9569,24.99,0
9570,24.99,0
9571,24.99,0
9572,24.99,0
9573,24.99,0
9574,24.99,0
9575,24.99,0
9576,24.99,0
9577,24.99,0
9578,24.99,0
9579,24.99,0
9580,24.99,0
9581,24.99,0
9582,24.99,0
9583,24.99,0
9584,24.99,1
9585,24.99,0
9586,24.99,0
9587,24.99,0
9588,24.99,0
9589,24.99,0
9590,24.99,0
9591,24.99,0
9592,24.99,0
9593,24.99,0
9594,24.99,0
9595,24.99,0
9596,24.99,0
9597,24.99,0
9598,24.99,0
9599,24.99,0
9600,24.99,0
9601,24.99,0
9602,24.99,0
9603,24.99,0
9604,24.99,0
9605,24.99,0
9606,24.99,0
9607,24.99,0
9608,24.99,0
9609,24.99,0
9610,24.99,0
9611,24.99,0
9612,24.99,0
9613,24.99,0
9614,24.99,1
9615,24.99,0
9616,24.99,0
9617,24.99,1
9618,24.99,0
9619,24.99,0
9620,24.99,0
9621,24.99,0
9622,24.99,0
9623,24.99,0
9624,24.99,0
9625,24.99,0
9626,24.99,0
9627,24.99,0
9628,24.99,0
9629,24.99,0
9630,24.99,0
9631,24.99,0
9632,24.99,0
9633,24.99,0
9634,24.99,0
9635,24.99,0
9636,24.99,1
9637,24.99,0
9638,24.99,0
9639,24.99,0
9640,24.99,0
9641,24.99,0
9642,24.99,0
9643,24.99,0
9644,24.99,0
9645,24.99,0
9646,24.99,0
9647,24.99,0
9648,24.99,0
9649,24.99,0
9650,24.99,0
9651,24.99,0
9652,24.99,0
9653,24.99,0
9654,24.99,0
9655,24.99,0
9656,24.99,1
9657,24.99,0
9658,24.99,0
9659,24.99,0
9660,24.99,0
9661,24.99,0
9662,24.99,0
9663,24.99,0
9664,24.99,0
9665,24.99,0
9666,24.99,0
9667,24.99,0
9668,24.99,0
9669,24.99,0
9670,24.99,0
9671,24.99,0
9672,24.99,0
9673,24.99,0
9674,24.99,0
9675,24.99,0
9676,24.99,1
9677,24.99,0
9678,24.99,0
9679,24.99,0
9680,24.99,0
9681,24.99,0
9682,24.99,0
9683,24.99,0
9684,24.99,0
9685,24.99,0
9686,24.99,0
9687,24.99,0
9688,24.99,0
9689,24.99,0
9690,24.99,1
9691,24.99,0
9692,24.99,0
9693,24.99,0
9694,24.99,0
9695,24.99,0
9696,24.99,0
9697,24.99,0
9698,24.99,0
9699,24.99,0
9700,24.99,0
9701,24.99,0
9702,24.99,0
9703,24.99,0
9704,24.99,0
9705,24.99,0
9706,24.99,0
9707,24.99,0
9708,24.99,0
9709,24.99,0
9710,24.99,0
9711,24.99,0
9712,24.99,0
9713,24.99,0
9714,24.99,0
9715,24.99,0
9716,24.99,0
9717,24.99,0
9718,24.99,0
9719,24.99,0
9720,24.99,0
9721,24.99,0
9722,24.99,0
9723,24.99,0
9724,24.99,0
9725,24.99,1
9726,24.99,0
9727,24.99,0
9728,24.99,0
9729,24.99,0
9730,24.99,0
9731,24.99,0
9732,24.99,0
9733,24.99,0
9734,24.99,0
9735,24.99,0
9736,24.99,0
9737,24.99,0
9738,24.99,0
9739,24.99,0
9740,24.99,0
9741,24.99,0
9742,24.99,0
9743,24.99,0
9744,24.99,0
9745,24.99,0
9746,24.99,0
9747,24.99,0
9748,24.99,0
9749,24.99,1
9750,24.99,0
9751,24.99,0
9752,24.99,0
9753,24.99,0
9754,24.99,0
9755,24.99,0
9756,24.99,0
9757,24.99,1
9758,24.99,0
9759,24.99,0
9760,24.99,1
9761,24.99,0
9762,24.99,1
9763,24.99,1
9764,24.99,0
9765,24.99,0
9766,24.99,0
9767,24.99,0
9768,24.99,1
9769,24.99,0
9770,24.99,0
9771,24.99,0
9772,24.99,0
9773,24.99,0
9774,24.99,0
9775,24.99,0
9776,24.99,0
9777,24.99,1
9778,24.99,0
9779,24.99,0
9780,24.99,0
9781,24.99,0
9782,24.99,0
9783,24.99,1
9784,24.99,0
9785,24.99,0
9786,24.99,0
9787,24.99,0
9788,24.99,0
9789,24.99,0
9790,24.99,0
9791,24.99,0
9792,24.99,0
9793,24.99,0
9794,24.99,0
9795,24.99,0
9796,24.99,1
9797,24.99,0
9798,24.99,0
9799,24.99,1
9800,24.99,0
9801,24.99,0
9802,24.99,0
9803,24.99,0
9804,24.99,0
9805,24.99,0
9806,24.99,0
9807,24.99,0
9808,24.99,1
9809,24.99,0
9810,24.99,0
9811,24.99,0
9812,24.99,0
9813,24.99,0
9814,24.99,1
9815,24.99,0
9816,24.99,0
9817,24.99,0
9818,24.99,0
9819,24.99,0
9820,24.99,0
9821,24.99,0
9822,24.99,0
9823,24.99,0
9824,24.99,0
9825,24.99,0
9826,24.99,0
9827,24.99,0
9828,24.99,0
9829,24.99,0
9830,24.99,0
9831,24.99,0
9832,24.99,0
9833,24.99,1
9834,24.99,0
9835,24.99,0
9836,24.99,0
9837,24.99,0
9838,24.99,0
9839,24.99,0
9840,24.99,0
9841,24.99,1
9842,24.99,0
9843,24.99,0
9844,24.99,0
9845,24.99,0
9846,24.99,0
9847,24.99,0
9848,24.99,0
9849,24.99,0
9850,24.99,0
9851,24.99,1
9852,24.99,0
9853,24.99,0
9854,24.99,0
9855,24.99,0
9856,24.99,0
9857,24.99,0
9858,24.99,0
9859,24.99,0
9860,24.99,0
9861,24.99,0
9862,24.99,1
9863,24.99,0
9864,24.99,0
9865,24.99,0
9866,24.99,0
9867,24.99,0
9868,24.99,1
9869,24.99,0
9870,24.99,0
9871,24.99,0
9872,24.99,0
9873,24.99,0
9874,24.99,0
9875,24.99,0
9876,24.99,0
9877,24.99,0
9878,24.99,0
9879,24.99,0
9880,24.99,0
9881,24.99,0
9882,24.99,0
9883,24.99,1
9884,24.99,0
9885,24.99,0
9886,24.99,0
9887,24.99,0
9888,24.99,0
9889,24.99,0
9890,24.99,0
9891,24.99,0
9892,24.99,0
9893,24.99,0
9894,24.99,0
9895,24.99,0
9896,24.99,0
9897,24.99,0
9898,24.99,0
9899,24.99,0
9900,24.99,0
9901,24.99,0
9902,24.99,0
9903,24.99,0
9904,24.99,1
9905,24.99,0
9906,24.99,0
9907,24.99,0
9908,24.99,0
9909,24.99,0
9910,24.99,0
9911,24.99,0
9912,24.99,0
9913,24.99,0
9914,24.99,0
9915,24.99,1
9916,24.99,0
9917,24.99,0
9918,24.99,0
9919,24.99,0
9920,24.99,0
9921,24.99,0
9922,24.99,0
9923,24.99,0
9924,24.99,0
9925,24.99,0
9926,24.99,0
9927,24.99,1
9928,24.99,0
9929,24.99,0
9930,24.99,0
9931,24.99,0
9932,24.99,0
9933,24.99,0
9934,24.99,0
9935,24.99,0
9936,24.99,0
9937,24.99,0
9938,24.99,0
9939,24.99,0
9940,24.99,1
9941,24.99,0
9942,24.99,0
9943,24.99,0
9944,24.99,0
9945,24.99,0
9946,24.99,0
9947,24.99,0
9948,24.99,0
9949,24.99,0
9950,24.99,0
9951,24.99,0
9952,24.99,0
9953,24.99,0
9954,24.99,0
9955,24.99,0
9956,24.99,0
9957,24.99,0
9958,24.99,0
9959,24.99,0
9960,24.99,0
9961,24.99,0
9962,24.99,0
9963,24.99,0
9964,24.99,0
9965,24.99,0
9966,24.99,0
9967,24.99,0
9968,24.99,0
9969,24.99,0
9970,24.99,0
9971,24.99,1
9972,24.99,1
9973,24.99,0
9974,24.99,0
9975,24.99,0
9976,24.99,0
9977,24.99,0
9978,24.99,1
9979,24.99,0
9980,24.99,0
9981,24.99,0
9982,24.99,0
9983,24.99,0
9984,24.99,0
9985,24.99,0
9986,24.99,0
9987,24.99,0
9988,24.99,0
9989,24.99,0
9990,24.99,0
9991,24.99,0
9992,24.99,0
9993,24.99,0
9994,24.99,0
9995,24.99,0
9996,24.99,0
9997,24.99,1
9998,24.99,0
9999,24.99,0
